nivel_registro,bloco_analisado,id_nota,num_nota,data_nota,titulo_nota,topico_tematica,porcentagem_presenca,vocabularios_chave_identificados,justificativa_metodologica,revisao_necessaria
Nota,"Declarações Políticas, Visitas de Estado e Diplomacia Institucional",17,183,31/05/2026,Visita do Ministro das Relações Exteriores a Pequim para realizar a reunião do V Diálogo Estratégico Global (DEG) Brasil-China – 1° e 2 de junho,Multilateralismo e Foruns Plurilaterais,50.0%,deg (3x); dialogo estrategico global (2x); brics (1x),"Peso semantico do topico 'Multilateralismo e Foruns Plurilaterais' na nota = 12 (soma ponderada de ocorrencias lexicais: titulo x3 + 1o paragrafo substantivo x2 + demais paragrafos x1). Peso total da nota, somando todos os topicos identificados, = 24. Percentual = (12 / 24) x 100 = 50.0%. Termos computados (radical, casamento por fronteira de palavra): deg (3x); dialogo estrategico global (2x); brics (1x).",Não
Nota,"Declarações Políticas, Visitas de Estado e Diplomacia Institucional",17,183,31/05/2026,Visita do Ministro das Relações Exteriores a Pequim para realizar a reunião do V Diálogo Estratégico Global (DEG) Brasil-China – 1° e 2 de junho,"Economia, Comercio Exterior e Agronegocio",20.8%,comercio (2x); agropecuari (1x); export (1x); import (1x),"Peso semantico do topico 'Economia, Comercio Exterior e Agronegocio' na nota = 5 (soma ponderada de ocorrencias lexicais: titulo x3 + 1o paragrafo substantivo x2 + demais paragrafos x1). Peso total da nota, somando todos os topicos identificados, = 24. Percentual = (5 / 24) x 100 = 20.8%. Termos computados (radical, casamento por fronteira de palavra): comercio (2x); agropecuari (1x); export (1x); import (1x).",Não
Nota,"Declarações Políticas, Visitas de Estado e Diplomacia Institucional",17,183,31/05/2026,Visita do Ministro das Relações Exteriores a Pequim para realizar a reunião do V Diálogo Estratégico Global (DEG) Brasil-China – 1° e 2 de junho,Diplomacia Institucional e Atos Bilaterais,16.7%,chanceler (2x); visita oficial (1x),"Peso semantico do topico 'Diplomacia Institucional e Atos Bilaterais' na nota = 4 (soma ponderada de ocorrencias lexicais: titulo x3 + 1o paragrafo substantivo x2 + demais paragrafos x1). Peso total da nota, somando todos os topicos identificados, = 24. Percentual = (4 / 24) x 100 = 16.7%. Termos computados (radical, casamento por fronteira de palavra): chanceler (2x); visita oficial (1x).",Não
Nota,"Declarações Políticas, Visitas de Estado e Diplomacia Institucional",17,183,31/05/2026,Visita do Ministro das Relações Exteriores a Pequim para realizar a reunião do V Diálogo Estratégico Global (DEG) Brasil-China – 1° e 2 de junho,"Educacao, Cultura e Intercambio Humano",8.3%,ano cultural (1x); cultura (1x),"Peso semantico do topico 'Educacao, Cultura e Intercambio Humano' na nota = 2 (soma ponderada de ocorrencias lexicais: titulo x3 + 1o paragrafo substantivo x2 + demais paragrafos x1). Peso total da nota, somando todos os topicos identificados, = 24. Percentual = (2 / 24) x 100 = 8.3%. Termos computados (radical, casamento por fronteira de palavra): ano cultural (1x); cultura (1x).",Não
Nota,"Declarações Políticas, Visitas de Estado e Diplomacia Institucional",17,183,31/05/2026,Visita do Ministro das Relações Exteriores a Pequim para realizar a reunião do V Diálogo Estratégico Global (DEG) Brasil-China – 1° e 2 de junho,"Infraestrutura, Investimentos e Financas",4.2%,ndb (1x),"Peso semantico do topico 'Infraestrutura, Investimentos e Financas' na nota = 1 (soma ponderada de ocorrencias lexicais: titulo x3 + 1o paragrafo substantivo x2 + demais paragrafos x1). Peso total da nota, somando todos os topicos identificados, = 24. Percentual = (1 / 24) x 100 = 4.2%. Termos computados (radical, casamento por fronteira de palavra): ndb (1x).",Não
Nota,"Declarações Políticas, Visitas de Estado e Diplomacia Institucional",614,200,13/05/2025,"Atos adotados por ocasião da visita de Estado do Presidente Luiz Inácio Lula da Silva a Pequim - China, 12 e 13 de maio de 2025",Diplomacia Institucional e Atos Bilaterais,51.2%,memorando de entendimento (13x); visita de estado (2x); atos adotados (1x),"Peso semantico do topico 'Diplomacia Institucional e Atos Bilaterais' na nota = 21 (soma ponderada de ocorrencias lexicais: titulo x3 + 1o paragrafo substantivo x2 + demais paragrafos x1). Peso total da nota, somando todos os topicos identificados, = 41. Percentual = (21 / 41) x 100 = 51.2%. Termos computados (radical, casamento por fronteira de palavra): memorando de entendimento (13x); visita de estado (2x); atos adotados (1x).",Não
Nota,"Declarações Políticas, Visitas de Estado e Diplomacia Institucional",614,200,13/05/2025,"Atos adotados por ocasião da visita de Estado do Presidente Luiz Inácio Lula da Silva a Pequim - China, 12 e 13 de maio de 2025","Infraestrutura, Investimentos e Financas",19.5%,finance (3x); infraestrutura (2x); financiamento (1x); porto (1x); cinturao e rota (1x),"Peso semantico do topico 'Infraestrutura, Investimentos e Financas' na nota = 8 (soma ponderada de ocorrencias lexicais: titulo x3 + 1o paragrafo substantivo x2 + demais paragrafos x1). Peso total da nota, somando todos os topicos identificados, = 41. Percentual = (8 / 41) x 100 = 19.5%. Termos computados (radical, casamento por fronteira de palavra): finance (3x); infraestrutura (2x); financiamento (1x); porto (1x); cinturao e rota (1x).",Não
Nota,"Declarações Políticas, Visitas de Estado e Diplomacia Institucional",614,200,13/05/2025,"Atos adotados por ocasião da visita de Estado do Presidente Luiz Inácio Lula da Silva a Pequim - China, 12 e 13 de maio de 2025","Tecnologia, Inovacao e Espaco",9.8%,tecnolog (2x); inteligencia artificial (1x); dados (1x),"Peso semantico do topico 'Tecnologia, Inovacao e Espaco' na nota = 4 (soma ponderada de ocorrencias lexicais: titulo x3 + 1o paragrafo substantivo x2 + demais paragrafos x1). Peso total da nota, somando todos os topicos identificados, = 41. Percentual = (4 / 41) x 100 = 9.8%. Termos computados (radical, casamento por fronteira de palavra): tecnolog (2x); inteligencia artificial (1x); dados (1x).",Não
Nota,"Declarações Políticas, Visitas de Estado e Diplomacia Institucional",614,200,13/05/2025,"Atos adotados por ocasião da visita de Estado do Presidente Luiz Inácio Lula da Silva a Pequim - China, 12 e 13 de maio de 2025","Economia, Comercio Exterior e Agronegocio",9.8%,quarentena (1x); aduana (1x); export (1x); agricultur (1x),"Peso semantico do topico 'Economia, Comercio Exterior e Agronegocio' na nota = 4 (soma ponderada de ocorrencias lexicais: titulo x3 + 1o paragrafo substantivo x2 + demais paragrafos x1). Peso total da nota, somando todos os topicos identificados, = 41. Percentual = (4 / 41) x 100 = 9.8%. Termos computados (radical, casamento por fronteira de palavra): quarentena (1x); aduana (1x); export (1x); agricultur (1x).",Não
Nota,"Declarações Políticas, Visitas de Estado e Diplomacia Institucional",614,200,13/05/2025,"Atos adotados por ocasião da visita de Estado do Presidente Luiz Inácio Lula da Silva a Pequim - China, 12 e 13 de maio de 2025","Educacao, Cultura e Intercambio Humano",4.9%,universidade (2x),"Peso semantico do topico 'Educacao, Cultura e Intercambio Humano' na nota = 2 (soma ponderada de ocorrencias lexicais: titulo x3 + 1o paragrafo substantivo x2 + demais paragrafos x1). Peso total da nota, somando todos os topicos identificados, = 41. Percentual = (2 / 41) x 100 = 4.9%. Termos computados (radical, casamento por fronteira de palavra): universidade (2x).",Não
Nota,"Declarações Políticas, Visitas de Estado e Diplomacia Institucional",614,200,13/05/2025,"Atos adotados por ocasião da visita de Estado do Presidente Luiz Inácio Lula da Silva a Pequim - China, 12 e 13 de maio de 2025",Outros / Temas Residuais (abaixo do limiar de 3%),4.8%,"Defesa, Seguranca Internacional e Geopolitica; Multilateralismo e Foruns Plurilaterais",Soma dos topicos com peso semantico individual abaixo do limiar de materialidade de 3.0% adotado neste relatorio para evitar fragmentacao excessiva de temas acessorios.,Não
Nota,"Declarações Políticas, Visitas de Estado e Diplomacia Institucional",616,198,13/05/2025,Declaração Conjunta por ocasião da visita de Estado do Presidente Luiz Inácio Lula da Silva a Pequim – 12 e 13 de maio de 2025,Governanca Global e Reforma Institucional,14.5%,nacoes unidas (6x); multilateralismo (3x); multilateralism (3x); governanca global (3x); conselho de seguranca (2x); ordem internacional (2x); arquitetura financeira (1x),"Peso semantico do topico 'Governanca Global e Reforma Institucional' na nota = 22 (soma ponderada de ocorrencias lexicais: titulo x3 + 1o paragrafo substantivo x2 + demais paragrafos x1). Peso total da nota, somando todos os topicos identificados, = 152. Percentual = (22 / 152) x 100 = 14.5%. Termos computados (radical, casamento por fronteira de palavra): nacoes unidas (6x); multilateralismo (3x); multilateralism (3x); governanca global (3x); conselho de seguranca (2x); ordem internacional (2x); arquitetura financeira (1x).",Sim
Nota,"Declarações Políticas, Visitas de Estado e Diplomacia Institucional",616,198,13/05/2025,Declaração Conjunta por ocasião da visita de Estado do Presidente Luiz Inácio Lula da Silva a Pequim – 12 e 13 de maio de 2025,"Economia, Comercio Exterior e Agronegocio",14.5%,salvaguarda (6x); import (6x); comercio (5x); agricola (3x); fitossanitari (1x); quarentena (1x),"Peso semantico do topico 'Economia, Comercio Exterior e Agronegocio' na nota = 22 (soma ponderada de ocorrencias lexicais: titulo x3 + 1o paragrafo substantivo x2 + demais paragrafos x1). Peso total da nota, somando todos os topicos identificados, = 152. Percentual = (22 / 152) x 100 = 14.5%. Termos computados (radical, casamento por fronteira de palavra): salvaguarda (6x); import (6x); comercio (5x); agricola (3x); fitossanitari (1x); quarentena (1x).",Sim
Nota,"Declarações Políticas, Visitas de Estado e Diplomacia Institucional",616,198,13/05/2025,Declaração Conjunta por ocasião da visita de Estado do Presidente Luiz Inácio Lula da Silva a Pequim – 12 e 13 de maio de 2025,"Tecnologia, Inovacao e Espaco",13.8%,tecnolog (6x); inteligencia artificial (5x); inovac (4x); cibernet (3x); dados (1x); semicondutor (1x); biotecnolog (1x),"Peso semantico do topico 'Tecnologia, Inovacao e Espaco' na nota = 21 (soma ponderada de ocorrencias lexicais: titulo x3 + 1o paragrafo substantivo x2 + demais paragrafos x1). Peso total da nota, somando todos os topicos identificados, = 152. Percentual = (21 / 152) x 100 = 13.8%. Termos computados (radical, casamento por fronteira de palavra): tecnolog (6x); inteligencia artificial (5x); inovac (4x); cibernet (3x); dados (1x); semicondutor (1x); biotecnolog (1x).",Sim
Nota,"Declarações Políticas, Visitas de Estado e Diplomacia Institucional",616,198,13/05/2025,Declaração Conjunta por ocasião da visita de Estado do Presidente Luiz Inácio Lula da Silva a Pequim – 12 e 13 de maio de 2025,"Defesa, Seguranca Internacional e Geopolitica",13.8%,paz (7x); defesa (3x); nao proliferacao (3x); solucao pacifica (2x); oriente medio (2x); desarmamento (1x); terrorismo (1x); conflito (1x),"Peso semantico do topico 'Defesa, Seguranca Internacional e Geopolitica' na nota = 21 (soma ponderada de ocorrencias lexicais: titulo x3 + 1o paragrafo substantivo x2 + demais paragrafos x1). Peso total da nota, somando todos os topicos identificados, = 152. Percentual = (21 / 152) x 100 = 13.8%. Termos computados (radical, casamento por fronteira de palavra): paz (7x); defesa (3x); nao proliferacao (3x); solucao pacifica (2x); oriente medio (2x); desarmamento (1x); terrorismo (1x); conflito (1x).",Sim
Nota,"Declarações Políticas, Visitas de Estado e Diplomacia Institucional",616,198,13/05/2025,Declaração Conjunta por ocasião da visita de Estado do Presidente Luiz Inácio Lula da Silva a Pequim – 12 e 13 de maio de 2025,Multilateralismo e Foruns Plurilaterais,12.5%,g20 (4x); declaracao conjunta (3x); brics (3x); celac (2x); cupula (2x); cosban (1x); consenso (1x),"Peso semantico do topico 'Multilateralismo e Foruns Plurilaterais' na nota = 19 (soma ponderada de ocorrencias lexicais: titulo x3 + 1o paragrafo substantivo x2 + demais paragrafos x1). Peso total da nota, somando todos os topicos identificados, = 152. Percentual = (19 / 152) x 100 = 12.5%. Termos computados (radical, casamento por fronteira de palavra): g20 (4x); declaracao conjunta (3x); brics (3x); celac (2x); cupula (2x); cosban (1x); consenso (1x).",Sim
Nota,"Declarações Políticas, Visitas de Estado e Diplomacia Institucional",616,198,13/05/2025,Declaração Conjunta por ocasião da visita de Estado do Presidente Luiz Inácio Lula da Silva a Pequim – 12 e 13 de maio de 2025,"Transicao Energetica, Meio Ambiente e Mudanca do Clima",9.2%,cop (5x); transicao energetica (3x); ambiental (2x); florest (2x); mudanca do clima (1x); climatic (1x),"Peso semantico do topico 'Transicao Energetica, Meio Ambiente e Mudanca do Clima' na nota = 14 (soma ponderada de ocorrencias lexicais: titulo x3 + 1o paragrafo substantivo x2 + demais paragrafos x1). Peso total da nota, somando todos os topicos identificados, = 152. Percentual = (14 / 152) x 100 = 9.2%. Termos computados (radical, casamento por fronteira de palavra): cop (5x); transicao energetica (3x); ambiental (2x); florest (2x); mudanca do clima (1x); climatic (1x).",Sim
Nota,"Declarações Políticas, Visitas de Estado e Diplomacia Institucional",616,198,13/05/2025,Declaração Conjunta por ocasião da visita de Estado do Presidente Luiz Inácio Lula da Silva a Pequim – 12 e 13 de maio de 2025,"Infraestrutura, Investimentos e Financas",5.9%,finance (4x); infraestrutura (3x); ferrovia (1x); cinturao e rota (1x),"Peso semantico do topico 'Infraestrutura, Investimentos e Financas' na nota = 9 (soma ponderada de ocorrencias lexicais: titulo x3 + 1o paragrafo substantivo x2 + demais paragrafos x1). Peso total da nota, somando todos os topicos identificados, = 152. Percentual = (9 / 152) x 100 = 5.9%. Termos computados (radical, casamento por fronteira de palavra): finance (4x); infraestrutura (3x); ferrovia (1x); cinturao e rota (1x).",Sim
Nota,"Declarações Políticas, Visitas de Estado e Diplomacia Institucional",616,198,13/05/2025,Declaração Conjunta por ocasião da visita de Estado do Presidente Luiz Inácio Lula da Silva a Pequim – 12 e 13 de maio de 2025,"Educacao, Cultura e Intercambio Humano",5.3%,cultura (4x); educacao (2x); intercambio cultural (1x); ano cultural (1x),"Peso semantico do topico 'Educacao, Cultura e Intercambio Humano' na nota = 8 (soma ponderada de ocorrencias lexicais: titulo x3 + 1o paragrafo substantivo x2 + demais paragrafos x1). Peso total da nota, somando todos os topicos identificados, = 152. Percentual = (8 / 152) x 100 = 5.3%. Termos computados (radical, casamento por fronteira de palavra): cultura (4x); educacao (2x); intercambio cultural (1x); ano cultural (1x).",Sim
Nota,"Declarações Políticas, Visitas de Estado e Diplomacia Institucional",616,198,13/05/2025,Declaração Conjunta por ocasião da visita de Estado do Presidente Luiz Inácio Lula da Silva a Pequim – 12 e 13 de maio de 2025,Diplomacia Institucional e Atos Bilaterais,5.3%,visita de estado (4x); aniversario (2x),"Peso semantico do topico 'Diplomacia Institucional e Atos Bilaterais' na nota = 8 (soma ponderada de ocorrencias lexicais: titulo x3 + 1o paragrafo substantivo x2 + demais paragrafos x1). Peso total da nota, somando todos os topicos identificados, = 152. Percentual = (8 / 152) x 100 = 5.3%. Termos computados (radical, casamento por fronteira de palavra): visita de estado (4x); aniversario (2x).",Sim
Nota,"Declarações Políticas, Visitas de Estado e Diplomacia Institucional",616,198,13/05/2025,Declaração Conjunta por ocasião da visita de Estado do Presidente Luiz Inácio Lula da Silva a Pequim – 12 e 13 de maio de 2025,Outros / Temas Residuais (abaixo do limiar de 3%),5.2%,Cooperacao Bilateral e Sul-Sul; Direitos Humanos e Direito Internacional Humanitario; Saude Publica e Cooperacao Sanitaria,Soma dos topicos com peso semantico individual abaixo do limiar de materialidade de 3.0% adotado neste relatorio para evitar fragmentacao excessiva de temas acessorios.,Não
Nota,"Declarações Políticas, Visitas de Estado e Diplomacia Institucional",617,197,12/05/2025,"Visita de Estado do Presidente Lula à China – Pequim, 12 e 13 de maio de 2025",Diplomacia Institucional e Atos Bilaterais,40.0%,visita de estado (3x),"Peso semantico do topico 'Diplomacia Institucional e Atos Bilaterais' na nota = 6 (soma ponderada de ocorrencias lexicais: titulo x3 + 1o paragrafo substantivo x2 + demais paragrafos x1). Peso total da nota, somando todos os topicos identificados, = 15. Percentual = (6 / 15) x 100 = 40.0%. Termos computados (radical, casamento por fronteira de palavra): visita de estado (3x).",Não
Nota,"Declarações Políticas, Visitas de Estado e Diplomacia Institucional",617,197,12/05/2025,"Visita de Estado do Presidente Lula à China – Pequim, 12 e 13 de maio de 2025",Multilateralismo e Foruns Plurilaterais,26.7%,celac (1x); brics (1x); g20 (1x),"Peso semantico do topico 'Multilateralismo e Foruns Plurilaterais' na nota = 4 (soma ponderada de ocorrencias lexicais: titulo x3 + 1o paragrafo substantivo x2 + demais paragrafos x1). Peso total da nota, somando todos os topicos identificados, = 15. Percentual = (4 / 15) x 100 = 26.7%. Termos computados (radical, casamento por fronteira de palavra): celac (1x); brics (1x); g20 (1x).",Não
Nota,"Declarações Políticas, Visitas de Estado e Diplomacia Institucional",617,197,12/05/2025,"Visita de Estado do Presidente Lula à China – Pequim, 12 e 13 de maio de 2025","Tecnologia, Inovacao e Espaco",13.3%,tecnolog (1x); inovac (1x),"Peso semantico do topico 'Tecnologia, Inovacao e Espaco' na nota = 2 (soma ponderada de ocorrencias lexicais: titulo x3 + 1o paragrafo substantivo x2 + demais paragrafos x1). Peso total da nota, somando todos os topicos identificados, = 15. Percentual = (2 / 15) x 100 = 13.3%. Termos computados (radical, casamento por fronteira de palavra): tecnolog (1x); inovac (1x).",Não
Nota,"Declarações Políticas, Visitas de Estado e Diplomacia Institucional",617,197,12/05/2025,"Visita de Estado do Presidente Lula à China – Pequim, 12 e 13 de maio de 2025","Economia, Comercio Exterior e Agronegocio",6.7%,import (1x),"Peso semantico do topico 'Economia, Comercio Exterior e Agronegocio' na nota = 1 (soma ponderada de ocorrencias lexicais: titulo x3 + 1o paragrafo substantivo x2 + demais paragrafos x1). Peso total da nota, somando todos os topicos identificados, = 15. Percentual = (1 / 15) x 100 = 6.7%. Termos computados (radical, casamento por fronteira de palavra): import (1x).",Não
Nota,"Declarações Políticas, Visitas de Estado e Diplomacia Institucional",617,197,12/05/2025,"Visita de Estado do Presidente Lula à China – Pequim, 12 e 13 de maio de 2025","Transicao Energetica, Meio Ambiente e Mudanca do Clima",6.7%,transicao energetica (1x),"Peso semantico do topico 'Transicao Energetica, Meio Ambiente e Mudanca do Clima' na nota = 1 (soma ponderada de ocorrencias lexicais: titulo x3 + 1o paragrafo substantivo x2 + demais paragrafos x1). Peso total da nota, somando todos os topicos identificados, = 15. Percentual = (1 / 15) x 100 = 6.7%. Termos computados (radical, casamento por fronteira de palavra): transicao energetica (1x).",Não
Nota,"Declarações Políticas, Visitas de Estado e Diplomacia Institucional",617,197,12/05/2025,"Visita de Estado do Presidente Lula à China – Pequim, 12 e 13 de maio de 2025","Infraestrutura, Investimentos e Financas",6.7%,infraestrutura (1x),"Peso semantico do topico 'Infraestrutura, Investimentos e Financas' na nota = 1 (soma ponderada de ocorrencias lexicais: titulo x3 + 1o paragrafo substantivo x2 + demais paragrafos x1). Peso total da nota, somando todos os topicos identificados, = 15. Percentual = (1 / 15) x 100 = 6.7%. Termos computados (radical, casamento por fronteira de palavra): infraestrutura (1x).",Não
Nota,"Declarações Políticas, Visitas de Estado e Diplomacia Institucional",879,565,20/11/2024,Declaração Conjunta sobre a formação conjunta da Comunidade de Futuro Compartilhado Brasil-China por um Mundo mais Justo e um Planeta mais Sustentável,Multilateralismo e Foruns Plurilaterais,27.5%,g20 (5x); brics (4x); cupula (4x); cosban (3x); declaracao conjunta (2x); celac (1x),"Peso semantico do topico 'Multilateralismo e Foruns Plurilaterais' na nota = 22 (soma ponderada de ocorrencias lexicais: titulo x3 + 1o paragrafo substantivo x2 + demais paragrafos x1). Peso total da nota, somando todos os topicos identificados, = 80. Percentual = (22 / 80) x 100 = 27.5%. Termos computados (radical, casamento por fronteira de palavra): g20 (5x); brics (4x); cupula (4x); cosban (3x); declaracao conjunta (2x); celac (1x).",Não
Nota,"Declarações Políticas, Visitas de Estado e Diplomacia Institucional",879,565,20/11/2024,Declaração Conjunta sobre a formação conjunta da Comunidade de Futuro Compartilhado Brasil-China por um Mundo mais Justo e um Planeta mais Sustentável,Governanca Global e Reforma Institucional,21.2%,nacoes unidas (6x); governanca global (4x); conselho de seguranca (3x); arquitetura financeira (1x); multilateralismo (1x); ordem internacional (1x); multilateralism (1x),"Peso semantico do topico 'Governanca Global e Reforma Institucional' na nota = 17 (soma ponderada de ocorrencias lexicais: titulo x3 + 1o paragrafo substantivo x2 + demais paragrafos x1). Peso total da nota, somando todos os topicos identificados, = 80. Percentual = (17 / 80) x 100 = 21.2%. Termos computados (radical, casamento por fronteira de palavra): nacoes unidas (6x); governanca global (4x); conselho de seguranca (3x); arquitetura financeira (1x); multilateralismo (1x); ordem internacional (1x); multilateralism (1x).",Não
Nota,"Declarações Políticas, Visitas de Estado e Diplomacia Institucional",879,565,20/11/2024,Declaração Conjunta sobre a formação conjunta da Comunidade de Futuro Compartilhado Brasil-China por um Mundo mais Justo e um Planeta mais Sustentável,"Defesa, Seguranca Internacional e Geopolitica",13.8%,paz (4x); defesa (3x); ucrania (2x); seguranca internacional (1x); conflito (1x),"Peso semantico do topico 'Defesa, Seguranca Internacional e Geopolitica' na nota = 11 (soma ponderada de ocorrencias lexicais: titulo x3 + 1o paragrafo substantivo x2 + demais paragrafos x1). Peso total da nota, somando todos os topicos identificados, = 80. Percentual = (11 / 80) x 100 = 13.8%. Termos computados (radical, casamento por fronteira de palavra): paz (4x); defesa (3x); ucrania (2x); seguranca internacional (1x); conflito (1x).",Não
Nota,"Declarações Políticas, Visitas de Estado e Diplomacia Institucional",879,565,20/11/2024,Declaração Conjunta sobre a formação conjunta da Comunidade de Futuro Compartilhado Brasil-China por um Mundo mais Justo e um Planeta mais Sustentável,Diplomacia Institucional e Atos Bilaterais,7.5%,visita de estado (2x); relacoes diplomaticas (2x); comunicado conjunto (1x); aniversario (1x),"Peso semantico do topico 'Diplomacia Institucional e Atos Bilaterais' na nota = 6 (soma ponderada de ocorrencias lexicais: titulo x3 + 1o paragrafo substantivo x2 + demais paragrafos x1). Peso total da nota, somando todos os topicos identificados, = 80. Percentual = (6 / 80) x 100 = 7.5%. Termos computados (radical, casamento por fronteira de palavra): visita de estado (2x); relacoes diplomaticas (2x); comunicado conjunto (1x); aniversario (1x).",Não
Nota,"Declarações Políticas, Visitas de Estado e Diplomacia Institucional",879,565,20/11/2024,Declaração Conjunta sobre a formação conjunta da Comunidade de Futuro Compartilhado Brasil-China por um Mundo mais Justo e um Planeta mais Sustentável,"Transicao Energetica, Meio Ambiente e Mudanca do Clima",6.2%,cop (2x); florest (2x); climatic (1x),"Peso semantico do topico 'Transicao Energetica, Meio Ambiente e Mudanca do Clima' na nota = 5 (soma ponderada de ocorrencias lexicais: titulo x3 + 1o paragrafo substantivo x2 + demais paragrafos x1). Peso total da nota, somando todos os topicos identificados, = 80. Percentual = (5 / 80) x 100 = 6.2%. Termos computados (radical, casamento por fronteira de palavra): cop (2x); florest (2x); climatic (1x).",Não
Nota,"Declarações Políticas, Visitas de Estado e Diplomacia Institucional",879,565,20/11/2024,Declaração Conjunta sobre a formação conjunta da Comunidade de Futuro Compartilhado Brasil-China por um Mundo mais Justo e um Planeta mais Sustentável,"Educacao, Cultura e Intercambio Humano",6.2%,cultura (4x); ano cultural (1x),"Peso semantico do topico 'Educacao, Cultura e Intercambio Humano' na nota = 5 (soma ponderada de ocorrencias lexicais: titulo x3 + 1o paragrafo substantivo x2 + demais paragrafos x1). Peso total da nota, somando todos os topicos identificados, = 80. Percentual = (5 / 80) x 100 = 6.2%. Termos computados (radical, casamento por fronteira de palavra): cultura (4x); ano cultural (1x).",Não
Nota,"Declarações Políticas, Visitas de Estado e Diplomacia Institucional",879,565,20/11/2024,Declaração Conjunta sobre a formação conjunta da Comunidade de Futuro Compartilhado Brasil-China por um Mundo mais Justo e um Planeta mais Sustentável,"Infraestrutura, Investimentos e Financas",5.0%,finance (2x); infraestrutura (1x); cinturao e rota (1x),"Peso semantico do topico 'Infraestrutura, Investimentos e Financas' na nota = 4 (soma ponderada de ocorrencias lexicais: titulo x3 + 1o paragrafo substantivo x2 + demais paragrafos x1). Peso total da nota, somando todos os topicos identificados, = 80. Percentual = (4 / 80) x 100 = 5.0%. Termos computados (radical, casamento por fronteira de palavra): finance (2x); infraestrutura (1x); cinturao e rota (1x).",Não
Nota,"Declarações Políticas, Visitas de Estado e Diplomacia Institucional",879,565,20/11/2024,Declaração Conjunta sobre a formação conjunta da Comunidade de Futuro Compartilhado Brasil-China por um Mundo mais Justo e um Planeta mais Sustentável,Cooperacao Bilateral e Sul-Sul,3.8%,parceria estrategica (2x); sul-sul (1x),"Peso semantico do topico 'Cooperacao Bilateral e Sul-Sul' na nota = 3 (soma ponderada de ocorrencias lexicais: titulo x3 + 1o paragrafo substantivo x2 + demais paragrafos x1). Peso total da nota, somando todos os topicos identificados, = 80. Percentual = (3 / 80) x 100 = 3.8%. Termos computados (radical, casamento por fronteira de palavra): parceria estrategica (2x); sul-sul (1x).",Não
Nota,"Declarações Políticas, Visitas de Estado e Diplomacia Institucional",879,565,20/11/2024,Declaração Conjunta sobre a formação conjunta da Comunidade de Futuro Compartilhado Brasil-China por um Mundo mais Justo e um Planeta mais Sustentável,Direitos Humanos e Direito Internacional Humanitario,3.8%,fome (3x),"Peso semantico do topico 'Direitos Humanos e Direito Internacional Humanitario' na nota = 3 (soma ponderada de ocorrencias lexicais: titulo x3 + 1o paragrafo substantivo x2 + demais paragrafos x1). Peso total da nota, somando todos os topicos identificados, = 80. Percentual = (3 / 80) x 100 = 3.8%. Termos computados (radical, casamento por fronteira de palavra): fome (3x).",Não
Nota,"Declarações Políticas, Visitas de Estado e Diplomacia Institucional",879,565,20/11/2024,Declaração Conjunta sobre a formação conjunta da Comunidade de Futuro Compartilhado Brasil-China por um Mundo mais Justo e um Planeta mais Sustentável,Outros / Temas Residuais (abaixo do limiar de 3%),5.0%,"Economia, Comercio Exterior e Agronegocio; Tecnologia, Inovacao e Espaco",Soma dos topicos com peso semantico individual abaixo do limiar de materialidade de 3.0% adotado neste relatorio para evitar fragmentacao excessiva de temas acessorios.,Não
Nota,"Declarações Políticas, Visitas de Estado e Diplomacia Institucional",881,563,20/11/2024,"Atos adotados por ocasião da visita de estado ao Brasil do Presidente da China, Xi Jinping – 20 de novembro de 2024",Diplomacia Institucional e Atos Bilaterais,28.5%,memorando de entendimento (24x); visita de estado (2x); atos adotados (2x); memorandum of understanding (1x),"Peso semantico do topico 'Diplomacia Institucional e Atos Bilaterais' na nota = 35 (soma ponderada de ocorrencias lexicais: titulo x3 + 1o paragrafo substantivo x2 + demais paragrafos x1). Peso total da nota, somando todos os topicos identificados, = 123. Percentual = (35 / 123) x 100 = 28.5%. Termos computados (radical, casamento por fronteira de palavra): memorando de entendimento (24x); visita de estado (2x); atos adotados (2x); memorandum of understanding (1x).",Sim
Nota,"Declarações Políticas, Visitas de Estado e Diplomacia Institucional",881,563,20/11/2024,"Atos adotados por ocasião da visita de estado ao Brasil do Presidente da China, Xi Jinping – 20 de novembro de 2024","Economia, Comercio Exterior e Agronegocio",27.6%,agricultur (10x); comercio (6x); aduana (4x); exportac (3x); export (3x); fitossanitari (2x); importac (1x); agricola (1x),"Peso semantico do topico 'Economia, Comercio Exterior e Agronegocio' na nota = 34 (soma ponderada de ocorrencias lexicais: titulo x3 + 1o paragrafo substantivo x2 + demais paragrafos x1). Peso total da nota, somando todos os topicos identificados, = 123. Percentual = (34 / 123) x 100 = 27.6%. Termos computados (radical, casamento por fronteira de palavra): agricultur (10x); comercio (6x); aduana (4x); exportac (3x); export (3x); fitossanitari (2x); importac (1x); agricola (1x).",Sim
Nota,"Declarações Políticas, Visitas de Estado e Diplomacia Institucional",881,563,20/11/2024,"Atos adotados por ocasião da visita de estado ao Brasil do Presidente da China, Xi Jinping – 20 de novembro de 2024","Tecnologia, Inovacao e Espaco",18.7%,tecnolog (12x); inovac (5x); inteligencia artificial (2x); satelit (1x); dados (1x); sincrotron (1x),"Peso semantico do topico 'Tecnologia, Inovacao e Espaco' na nota = 23 (soma ponderada de ocorrencias lexicais: titulo x3 + 1o paragrafo substantivo x2 + demais paragrafos x1). Peso total da nota, somando todos os topicos identificados, = 123. Percentual = (23 / 123) x 100 = 18.7%. Termos computados (radical, casamento por fronteira de palavra): tecnolog (12x); inovac (5x); inteligencia artificial (2x); satelit (1x); dados (1x); sincrotron (1x).",Sim
Nota,"Declarações Políticas, Visitas de Estado e Diplomacia Institucional",881,563,20/11/2024,"Atos adotados por ocasião da visita de estado ao Brasil do Presidente da China, Xi Jinping – 20 de novembro de 2024","Educacao, Cultura e Intercambio Humano",16.3%,cultura (5x); turismo (4x); esporte (3x); universidade (3x); educacao (1x),"Peso semantico do topico 'Educacao, Cultura e Intercambio Humano' na nota = 20 (soma ponderada de ocorrencias lexicais: titulo x3 + 1o paragrafo substantivo x2 + demais paragrafos x1). Peso total da nota, somando todos os topicos identificados, = 123. Percentual = (20 / 123) x 100 = 16.3%. Termos computados (radical, casamento por fronteira de palavra): cultura (5x); turismo (4x); esporte (3x); universidade (3x); educacao (1x).",Sim
Nota,"Declarações Políticas, Visitas de Estado e Diplomacia Institucional",881,563,20/11/2024,"Atos adotados por ocasião da visita de estado ao Brasil do Presidente da China, Xi Jinping – 20 de novembro de 2024",Saude Publica e Cooperacao Sanitaria,4.1%,saude (4x),"Peso semantico do topico 'Saude Publica e Cooperacao Sanitaria' na nota = 5 (soma ponderada de ocorrencias lexicais: titulo x3 + 1o paragrafo substantivo x2 + demais paragrafos x1). Peso total da nota, somando todos os topicos identificados, = 123. Percentual = (5 / 123) x 100 = 4.1%. Termos computados (radical, casamento por fronteira de palavra): saude (4x).",Sim
Nota,"Declarações Políticas, Visitas de Estado e Diplomacia Institucional",881,563,20/11/2024,"Atos adotados por ocasião da visita de estado ao Brasil do Presidente da China, Xi Jinping – 20 de novembro de 2024","Infraestrutura, Investimentos e Financas",3.3%,infraestrutura (1x); cinturao e rota (1x); bndes (1x),"Peso semantico do topico 'Infraestrutura, Investimentos e Financas' na nota = 4 (soma ponderada de ocorrencias lexicais: titulo x3 + 1o paragrafo substantivo x2 + demais paragrafos x1). Peso total da nota, somando todos os topicos identificados, = 123. Percentual = (4 / 123) x 100 = 3.3%. Termos computados (radical, casamento por fronteira de palavra): infraestrutura (1x); cinturao e rota (1x); bndes (1x).",Sim
Nota,"Declarações Políticas, Visitas de Estado e Diplomacia Institucional",881,563,20/11/2024,"Atos adotados por ocasião da visita de estado ao Brasil do Presidente da China, Xi Jinping – 20 de novembro de 2024",Outros / Temas Residuais (abaixo do limiar de 3%),1.5%,"Multilateralismo e Foruns Plurilaterais; Transicao Energetica, Meio Ambiente e Mudanca do Clima",Soma dos topicos com peso semantico individual abaixo do limiar de materialidade de 3.0% adotado neste relatorio para evitar fragmentacao excessiva de temas acessorios.,Não
Nota,"Declarações Políticas, Visitas de Estado e Diplomacia Institucional",888,556,19/11/2024,"Visita de Estado do Presidente da China – Brasília, 20 de novembro de 2024",Multilateralismo e Foruns Plurilaterais,38.1%,g20 (2x); cosban (2x); cupula (1x); brics (1x),"Peso semantico do topico 'Multilateralismo e Foruns Plurilaterais' na nota = 8 (soma ponderada de ocorrencias lexicais: titulo x3 + 1o paragrafo substantivo x2 + demais paragrafos x1). Peso total da nota, somando todos os topicos identificados, = 21. Percentual = (8 / 21) x 100 = 38.1%. Termos computados (radical, casamento por fronteira de palavra): g20 (2x); cosban (2x); cupula (1x); brics (1x).",Não
Nota,"Declarações Políticas, Visitas de Estado e Diplomacia Institucional",888,556,19/11/2024,"Visita de Estado do Presidente da China – Brasília, 20 de novembro de 2024",Diplomacia Institucional e Atos Bilaterais,28.6%,visita de estado (3x),"Peso semantico do topico 'Diplomacia Institucional e Atos Bilaterais' na nota = 6 (soma ponderada de ocorrencias lexicais: titulo x3 + 1o paragrafo substantivo x2 + demais paragrafos x1). Peso total da nota, somando todos os topicos identificados, = 21. Percentual = (6 / 21) x 100 = 28.6%. Termos computados (radical, casamento por fronteira de palavra): visita de estado (3x).",Não
Nota,"Declarações Políticas, Visitas de Estado e Diplomacia Institucional",888,556,19/11/2024,"Visita de Estado do Presidente da China – Brasília, 20 de novembro de 2024","Economia, Comercio Exterior e Agronegocio",23.8%,exportac (1x); importac (1x); comercio (1x); export (1x); import (1x),"Peso semantico do topico 'Economia, Comercio Exterior e Agronegocio' na nota = 5 (soma ponderada de ocorrencias lexicais: titulo x3 + 1o paragrafo substantivo x2 + demais paragrafos x1). Peso total da nota, somando todos os topicos identificados, = 21. Percentual = (5 / 21) x 100 = 23.8%. Termos computados (radical, casamento por fronteira de palavra): exportac (1x); importac (1x); comercio (1x); export (1x); import (1x).",Não
Nota,"Declarações Políticas, Visitas de Estado e Diplomacia Institucional",888,556,19/11/2024,"Visita de Estado do Presidente da China – Brasília, 20 de novembro de 2024",Cooperacao Bilateral e Sul-Sul,9.5%,parceria estrategica (2x),"Peso semantico do topico 'Cooperacao Bilateral e Sul-Sul' na nota = 2 (soma ponderada de ocorrencias lexicais: titulo x3 + 1o paragrafo substantivo x2 + demais paragrafos x1). Peso total da nota, somando todos os topicos identificados, = 21. Percentual = (2 / 21) x 100 = 9.5%. Termos computados (radical, casamento por fronteira de palavra): parceria estrategica (2x).",Não
Nota,"Declarações Políticas, Visitas de Estado e Diplomacia Institucional",1080,367,14/08/2024,50 anos de relações Brasil-China,Diplomacia Institucional e Atos Bilaterais,42.9%,relacoes diplomaticas (1x); visita de estado (1x),"Peso semantico do topico 'Diplomacia Institucional e Atos Bilaterais' na nota = 3 (soma ponderada de ocorrencias lexicais: titulo x3 + 1o paragrafo substantivo x2 + demais paragrafos x1). Peso total da nota, somando todos os topicos identificados, = 7. Percentual = (3 / 7) x 100 = 42.9%. Termos computados (radical, casamento por fronteira de palavra): relacoes diplomaticas (1x); visita de estado (1x).",Não
Nota,"Declarações Políticas, Visitas de Estado e Diplomacia Institucional",1080,367,14/08/2024,50 anos de relações Brasil-China,"Economia, Comercio Exterior e Agronegocio",28.6%,import (1x),"Peso semantico do topico 'Economia, Comercio Exterior e Agronegocio' na nota = 2 (soma ponderada de ocorrencias lexicais: titulo x3 + 1o paragrafo substantivo x2 + demais paragrafos x1). Peso total da nota, somando todos os topicos identificados, = 7. Percentual = (2 / 7) x 100 = 28.6%. Termos computados (radical, casamento por fronteira de palavra): import (1x).",Não
Nota,"Declarações Políticas, Visitas de Estado e Diplomacia Institucional",1080,367,14/08/2024,50 anos de relações Brasil-China,Cooperacao Bilateral e Sul-Sul,14.3%,parceria estrategica (1x),"Peso semantico do topico 'Cooperacao Bilateral e Sul-Sul' na nota = 1 (soma ponderada de ocorrencias lexicais: titulo x3 + 1o paragrafo substantivo x2 + demais paragrafos x1). Peso total da nota, somando todos os topicos identificados, = 7. Percentual = (1 / 7) x 100 = 14.3%. Termos computados (radical, casamento por fronteira de palavra): parceria estrategica (1x).",Não
Nota,"Declarações Políticas, Visitas de Estado e Diplomacia Institucional",1080,367,14/08/2024,50 anos de relações Brasil-China,Multilateralismo e Foruns Plurilaterais,14.3%,cosban (1x),"Peso semantico do topico 'Multilateralismo e Foruns Plurilaterais' na nota = 1 (soma ponderada de ocorrencias lexicais: titulo x3 + 1o paragrafo substantivo x2 + demais paragrafos x1). Peso total da nota, somando todos os topicos identificados, = 7. Percentual = (1 / 7) x 100 = 14.3%. Termos computados (radical, casamento por fronteira de palavra): cosban (1x).",Não
Nota,"Declarações Políticas, Visitas de Estado e Diplomacia Institucional",1210,237,06/06/2024,VII Sessão Plenária da Comissão Sino-Brasileira de Alto Nível de Concertação e Cooperação (COSBAN),Multilateralismo e Foruns Plurilaterais,26.5%,cosban (6x),"Peso semantico do topico 'Multilateralismo e Foruns Plurilaterais' na nota = 9 (soma ponderada de ocorrencias lexicais: titulo x3 + 1o paragrafo substantivo x2 + demais paragrafos x1). Peso total da nota, somando todos os topicos identificados, = 34. Percentual = (9 / 34) x 100 = 26.5%. Termos computados (radical, casamento por fronteira de palavra): cosban (6x).",Não
Nota,"Declarações Políticas, Visitas de Estado e Diplomacia Institucional",1210,237,06/06/2024,VII Sessão Plenária da Comissão Sino-Brasileira de Alto Nível de Concertação e Cooperação (COSBAN),Diplomacia Institucional e Atos Bilaterais,20.6%,visita oficial (2x); relacoes diplomaticas (1x); visita de estado (1x),"Peso semantico do topico 'Diplomacia Institucional e Atos Bilaterais' na nota = 7 (soma ponderada de ocorrencias lexicais: titulo x3 + 1o paragrafo substantivo x2 + demais paragrafos x1). Peso total da nota, somando todos os topicos identificados, = 34. Percentual = (7 / 34) x 100 = 20.6%. Termos computados (radical, casamento por fronteira de palavra): visita oficial (2x); relacoes diplomaticas (1x); visita de estado (1x).",Não
Nota,"Declarações Políticas, Visitas de Estado e Diplomacia Institucional",1210,237,06/06/2024,VII Sessão Plenária da Comissão Sino-Brasileira de Alto Nível de Concertação e Cooperação (COSBAN),"Tecnologia, Inovacao e Espaco",14.7%,tecnolog (3x); inovac (2x),"Peso semantico do topico 'Tecnologia, Inovacao e Espaco' na nota = 5 (soma ponderada de ocorrencias lexicais: titulo x3 + 1o paragrafo substantivo x2 + demais paragrafos x1). Peso total da nota, somando todos os topicos identificados, = 34. Percentual = (5 / 34) x 100 = 14.7%. Termos computados (radical, casamento por fronteira de palavra): tecnolog (3x); inovac (2x).",Não
Nota,"Declarações Políticas, Visitas de Estado e Diplomacia Institucional",1210,237,06/06/2024,VII Sessão Plenária da Comissão Sino-Brasileira de Alto Nível de Concertação e Cooperação (COSBAN),"Economia, Comercio Exterior e Agronegocio",14.7%,comercio (2x); agricultur (2x); fitossanitari (1x),"Peso semantico do topico 'Economia, Comercio Exterior e Agronegocio' na nota = 5 (soma ponderada de ocorrencias lexicais: titulo x3 + 1o paragrafo substantivo x2 + demais paragrafos x1). Peso total da nota, somando todos os topicos identificados, = 34. Percentual = (5 / 34) x 100 = 14.7%. Termos computados (radical, casamento por fronteira de palavra): comercio (2x); agricultur (2x); fitossanitari (1x).",Não
Nota,"Declarações Políticas, Visitas de Estado e Diplomacia Institucional",1210,237,06/06/2024,VII Sessão Plenária da Comissão Sino-Brasileira de Alto Nível de Concertação e Cooperação (COSBAN),"Educacao, Cultura e Intercambio Humano",11.8%,cultura (2x); turismo (1x); educacao (1x),"Peso semantico do topico 'Educacao, Cultura e Intercambio Humano' na nota = 4 (soma ponderada de ocorrencias lexicais: titulo x3 + 1o paragrafo substantivo x2 + demais paragrafos x1). Peso total da nota, somando todos os topicos identificados, = 34. Percentual = (4 / 34) x 100 = 11.8%. Termos computados (radical, casamento por fronteira de palavra): cultura (2x); turismo (1x); educacao (1x).",Não
Nota,"Declarações Políticas, Visitas de Estado e Diplomacia Institucional",1210,237,06/06/2024,VII Sessão Plenária da Comissão Sino-Brasileira de Alto Nível de Concertação e Cooperação (COSBAN),"Transicao Energetica, Meio Ambiente e Mudanca do Clima",5.9%,mudanca do clima (2x),"Peso semantico do topico 'Transicao Energetica, Meio Ambiente e Mudanca do Clima' na nota = 2 (soma ponderada de ocorrencias lexicais: titulo x3 + 1o paragrafo substantivo x2 + demais paragrafos x1). Peso total da nota, somando todos os topicos identificados, = 34. Percentual = (2 / 34) x 100 = 5.9%. Termos computados (radical, casamento por fronteira de palavra): mudanca do clima (2x).",Não
Nota,"Declarações Políticas, Visitas de Estado e Diplomacia Institucional",1210,237,06/06/2024,VII Sessão Plenária da Comissão Sino-Brasileira de Alto Nível de Concertação e Cooperação (COSBAN),Outros / Temas Residuais (abaixo do limiar de 3%),5.8%,"Infraestrutura, Investimentos e Financas; Saude Publica e Cooperacao Sanitaria",Soma dos topicos com peso semantico individual abaixo do limiar de materialidade de 3.0% adotado neste relatorio para evitar fragmentacao excessiva de temas acessorios.,Não
Nota,"Declarações Políticas, Visitas de Estado e Diplomacia Institucional",1426,Nota à Imprensa nº 21,17/01/2024,"Visita do Ministro dos Negócios Estrangeiros da China, Wang Yi","Economia, Comercio Exterior e Agronegocio",33.3%,comercio (2x); exportac (1x); importac (1x); export (1x); import (1x),"Peso semantico do topico 'Economia, Comercio Exterior e Agronegocio' na nota = 6 (soma ponderada de ocorrencias lexicais: titulo x3 + 1o paragrafo substantivo x2 + demais paragrafos x1). Peso total da nota, somando todos os topicos identificados, = 18. Percentual = (6 / 18) x 100 = 33.3%. Termos computados (radical, casamento por fronteira de palavra): comercio (2x); exportac (1x); importac (1x); export (1x); import (1x).",Não
Nota,"Declarações Políticas, Visitas de Estado e Diplomacia Institucional",1426,Nota à Imprensa nº 21,17/01/2024,"Visita do Ministro dos Negócios Estrangeiros da China, Wang Yi",Diplomacia Institucional e Atos Bilaterais,22.2%,visita oficial (1x); chanceler (1x); relacoes diplomaticas (1x),"Peso semantico do topico 'Diplomacia Institucional e Atos Bilaterais' na nota = 4 (soma ponderada de ocorrencias lexicais: titulo x3 + 1o paragrafo substantivo x2 + demais paragrafos x1). Peso total da nota, somando todos os topicos identificados, = 18. Percentual = (4 / 18) x 100 = 22.2%. Termos computados (radical, casamento por fronteira de palavra): visita oficial (1x); chanceler (1x); relacoes diplomaticas (1x).",Não
Nota,"Declarações Políticas, Visitas de Estado e Diplomacia Institucional",1426,Nota à Imprensa nº 21,17/01/2024,"Visita do Ministro dos Negócios Estrangeiros da China, Wang Yi",Cooperacao Bilateral e Sul-Sul,16.7%,parceria estrategica (2x); cooperacao bilateral (1x),"Peso semantico do topico 'Cooperacao Bilateral e Sul-Sul' na nota = 3 (soma ponderada de ocorrencias lexicais: titulo x3 + 1o paragrafo substantivo x2 + demais paragrafos x1). Peso total da nota, somando todos os topicos identificados, = 18. Percentual = (3 / 18) x 100 = 16.7%. Termos computados (radical, casamento por fronteira de palavra): parceria estrategica (2x); cooperacao bilateral (1x).",Não
Nota,"Declarações Políticas, Visitas de Estado e Diplomacia Institucional",1426,Nota à Imprensa nº 21,17/01/2024,"Visita do Ministro dos Negócios Estrangeiros da China, Wang Yi","Tecnologia, Inovacao e Espaco",11.1%,tecnolog (1x); inovac (1x),"Peso semantico do topico 'Tecnologia, Inovacao e Espaco' na nota = 2 (soma ponderada de ocorrencias lexicais: titulo x3 + 1o paragrafo substantivo x2 + demais paragrafos x1). Peso total da nota, somando todos os topicos identificados, = 18. Percentual = (2 / 18) x 100 = 11.1%. Termos computados (radical, casamento por fronteira de palavra): tecnolog (1x); inovac (1x).",Não
Nota,"Declarações Políticas, Visitas de Estado e Diplomacia Institucional",1426,Nota à Imprensa nº 21,17/01/2024,"Visita do Ministro dos Negócios Estrangeiros da China, Wang Yi",Multilateralismo e Foruns Plurilaterais,11.1%,g20 (1x); dialogo estrategico global (1x),"Peso semantico do topico 'Multilateralismo e Foruns Plurilaterais' na nota = 2 (soma ponderada de ocorrencias lexicais: titulo x3 + 1o paragrafo substantivo x2 + demais paragrafos x1). Peso total da nota, somando todos os topicos identificados, = 18. Percentual = (2 / 18) x 100 = 11.1%. Termos computados (radical, casamento por fronteira de palavra): g20 (1x); dialogo estrategico global (1x).",Não
Nota,"Declarações Políticas, Visitas de Estado e Diplomacia Institucional",1426,Nota à Imprensa nº 21,17/01/2024,"Visita do Ministro dos Negócios Estrangeiros da China, Wang Yi",Governanca Global e Reforma Institucional,5.6%,governanca global (1x),"Peso semantico do topico 'Governanca Global e Reforma Institucional' na nota = 1 (soma ponderada de ocorrencias lexicais: titulo x3 + 1o paragrafo substantivo x2 + demais paragrafos x1). Peso total da nota, somando todos os topicos identificados, = 18. Percentual = (1 / 18) x 100 = 5.6%. Termos computados (radical, casamento por fronteira de palavra): governanca global (1x).",Não
Nota,"Declarações Políticas, Visitas de Estado e Diplomacia Institucional",1911,133,14/04/2023,"Declaração Conjunta entre a República Federativa do Brasil e a República Popular da China sobre o Aprofundamento da Parceria Estratégica Global - Pequim, 14 de abril de 2023","Economia, Comercio Exterior e Agronegocio",20.2%,agricultur (21x); import (19x); trade (17x); comercio (16x); agricola (5x); export (4x); quarentena (3x); quarantine (3x),"Peso semantico do topico 'Economia, Comercio Exterior e Agronegocio' na nota = 100 (soma ponderada de ocorrencias lexicais: titulo x3 + 1o paragrafo substantivo x2 + demais paragrafos x1). Peso total da nota, somando todos os topicos identificados, = 495. Percentual = (100 / 495) x 100 = 20.2%. Termos computados (radical, casamento por fronteira de palavra): agricultur (21x); import (19x); trade (17x); comercio (16x); agricola (5x); export (4x); quarentena (3x); quarantine (3x).",Sim
Nota,"Declarações Políticas, Visitas de Estado e Diplomacia Institucional",1911,133,14/04/2023,"Declaração Conjunta entre a República Federativa do Brasil e a República Popular da China sobre o Aprofundamento da Parceria Estratégica Global - Pequim, 14 de abril de 2023","Tecnologia, Inovacao e Espaco",15.4%,tecnolog (20x); technology (10x); inovac (9x); innovation (9x); cbers (8x); research and development (4x); pesquisa e desenvolvimento (3x); sincrotron (3x),"Peso semantico do topico 'Tecnologia, Inovacao e Espaco' na nota = 76 (soma ponderada de ocorrencias lexicais: titulo x3 + 1o paragrafo substantivo x2 + demais paragrafos x1). Peso total da nota, somando todos os topicos identificados, = 495. Percentual = (76 / 495) x 100 = 15.4%. Termos computados (radical, casamento por fronteira de palavra): tecnolog (20x); technology (10x); inovac (9x); innovation (9x); cbers (8x); research and development (4x); pesquisa e desenvolvimento (3x); sincrotron (3x).",Sim
Nota,"Declarações Políticas, Visitas de Estado e Diplomacia Institucional",1911,133,14/04/2023,"Declaração Conjunta entre a República Federativa do Brasil e a República Popular da China sobre o Aprofundamento da Parceria Estratégica Global - Pequim, 14 de abril de 2023","Infraestrutura, Investimentos e Financas",12.3%,investment (19x); infraestrutura (7x); infrastructure (7x); finance (7x); ndb (6x); financial (3x); financiamento (2x); aiib (2x),"Peso semantico do topico 'Infraestrutura, Investimentos e Financas' na nota = 61 (soma ponderada de ocorrencias lexicais: titulo x3 + 1o paragrafo substantivo x2 + demais paragrafos x1). Peso total da nota, somando todos os topicos identificados, = 495. Percentual = (61 / 495) x 100 = 12.3%. Termos computados (radical, casamento por fronteira de palavra): investment (19x); infraestrutura (7x); infrastructure (7x); finance (7x); ndb (6x); financial (3x); financiamento (2x); aiib (2x).",Sim
Nota,"Declarações Políticas, Visitas de Estado e Diplomacia Institucional",1911,133,14/04/2023,"Declaração Conjunta entre a República Federativa do Brasil e a República Popular da China sobre o Aprofundamento da Parceria Estratégica Global - Pequim, 14 de abril de 2023",Multilateralismo e Foruns Plurilaterais,11.3%,brics (20x); cosban (10x); g20 (8x); deg (5x); celac (4x); consenso (3x); declaracao conjunta (1x); cupula (1x),"Peso semantico do topico 'Multilateralismo e Foruns Plurilaterais' na nota = 56 (soma ponderada de ocorrencias lexicais: titulo x3 + 1o paragrafo substantivo x2 + demais paragrafos x1). Peso total da nota, somando todos os topicos identificados, = 495. Percentual = (56 / 495) x 100 = 11.3%. Termos computados (radical, casamento por fronteira de palavra): brics (20x); cosban (10x); g20 (8x); deg (5x); celac (4x); consenso (3x); declaracao conjunta (1x); cupula (1x).",Sim
Nota,"Declarações Políticas, Visitas de Estado e Diplomacia Institucional",1911,133,14/04/2023,"Declaração Conjunta entre a República Federativa do Brasil e a República Popular da China sobre o Aprofundamento da Parceria Estratégica Global - Pequim, 14 de abril de 2023","Transicao Energetica, Meio Ambiente e Mudanca do Clima",8.3%,environment (7x); biodiversidade (5x); mudanca do clima (4x); climate change (4x); biodiversity (4x); transicao energetica (3x); cop (3x); energy transition (3x),"Peso semantico do topico 'Transicao Energetica, Meio Ambiente e Mudanca do Clima' na nota = 41 (soma ponderada de ocorrencias lexicais: titulo x3 + 1o paragrafo substantivo x2 + demais paragrafos x1). Peso total da nota, somando todos os topicos identificados, = 495. Percentual = (41 / 495) x 100 = 8.3%. Termos computados (radical, casamento por fronteira de palavra): environment (7x); biodiversidade (5x); mudanca do clima (4x); climate change (4x); biodiversity (4x); transicao energetica (3x); cop (3x); energy transition (3x).",Sim
Nota,"Declarações Políticas, Visitas de Estado e Diplomacia Institucional",1911,133,14/04/2023,"Declaração Conjunta entre a República Federativa do Brasil e a República Popular da China sobre o Aprofundamento da Parceria Estratégica Global - Pequim, 14 de abril de 2023",Cooperacao Bilateral e Sul-Sul,6.5%,cooperacao bilateral (9x); bilateral cooperation (8x); parceria estrategica (3x); strategic partnership (3x); complementaridade (2x); transferencia de tecnologia (2x); sul-sul (1x); south-south (1x),"Peso semantico do topico 'Cooperacao Bilateral e Sul-Sul' na nota = 32 (soma ponderada de ocorrencias lexicais: titulo x3 + 1o paragrafo substantivo x2 + demais paragrafos x1). Peso total da nota, somando todos os topicos identificados, = 495. Percentual = (32 / 495) x 100 = 6.5%. Termos computados (radical, casamento por fronteira de palavra): cooperacao bilateral (9x); bilateral cooperation (8x); parceria estrategica (3x); strategic partnership (3x); complementaridade (2x); transferencia de tecnologia (2x); sul-sul (1x); south-south (1x).",Sim
Nota,"Declarações Políticas, Visitas de Estado e Diplomacia Institucional",1911,133,14/04/2023,"Declaração Conjunta entre a República Federativa do Brasil e a República Popular da China sobre o Aprofundamento da Parceria Estratégica Global - Pequim, 14 de abril de 2023",Diplomacia Institucional e Atos Bilaterais,6.3%,memorando de entendimento (9x); memorandum of understanding (9x); relacoes diplomaticas (3x); aniversario (3x); visita de estado (2x); state visit (2x); chanceler (1x); joint communique (1x),"Peso semantico do topico 'Diplomacia Institucional e Atos Bilaterais' na nota = 31 (soma ponderada de ocorrencias lexicais: titulo x3 + 1o paragrafo substantivo x2 + demais paragrafos x1). Peso total da nota, somando todos os topicos identificados, = 495. Percentual = (31 / 495) x 100 = 6.3%. Termos computados (radical, casamento por fronteira de palavra): memorando de entendimento (9x); memorandum of understanding (9x); relacoes diplomaticas (3x); aniversario (3x); visita de estado (2x); state visit (2x); chanceler (1x); joint communique (1x).",Sim
Nota,"Declarações Políticas, Visitas de Estado e Diplomacia Institucional",1911,133,14/04/2023,"Declaração Conjunta entre a República Federativa do Brasil e a República Popular da China sobre o Aprofundamento da Parceria Estratégica Global - Pequim, 14 de abril de 2023","Educacao, Cultura e Intercambio Humano",5.3%,sport (5x); cultura (4x); turismo (3x); tourism (3x); esporte (2x); estudante (2x); education (2x); student (2x),"Peso semantico do topico 'Educacao, Cultura e Intercambio Humano' na nota = 26 (soma ponderada de ocorrencias lexicais: titulo x3 + 1o paragrafo substantivo x2 + demais paragrafos x1). Peso total da nota, somando todos os topicos identificados, = 495. Percentual = (26 / 495) x 100 = 5.3%. Termos computados (radical, casamento por fronteira de palavra): sport (5x); cultura (4x); turismo (3x); tourism (3x); esporte (2x); estudante (2x); education (2x); student (2x).",Sim
Nota,"Declarações Políticas, Visitas de Estado e Diplomacia Institucional",1911,133,14/04/2023,"Declaração Conjunta entre a República Federativa do Brasil e a República Popular da China sobre o Aprofundamento da Parceria Estratégica Global - Pequim, 14 de abril de 2023","Defesa, Seguranca Internacional e Geopolitica",4.4%,peace (8x); security (5x); paz (3x); ucrania (2x); ukraine (2x); solucao pacifica (1x); defesa (1x),"Peso semantico do topico 'Defesa, Seguranca Internacional e Geopolitica' na nota = 22 (soma ponderada de ocorrencias lexicais: titulo x3 + 1o paragrafo substantivo x2 + demais paragrafos x1). Peso total da nota, somando todos os topicos identificados, = 495. Percentual = (22 / 495) x 100 = 4.4%. Termos computados (radical, casamento por fronteira de palavra): peace (8x); security (5x); paz (3x); ucrania (2x); ukraine (2x); solucao pacifica (1x); defesa (1x).",Sim
Nota,"Declarações Políticas, Visitas de Estado e Diplomacia Institucional",1911,133,14/04/2023,"Declaração Conjunta entre a República Federativa do Brasil e a República Popular da China sobre o Aprofundamento da Parceria Estratégica Global - Pequim, 14 de abril de 2023",Saude Publica e Cooperacao Sanitaria,4.2%,epidemic (5x); vacina (4x); vaccine (4x); pandemia (2x); covid-19 (2x); pandemic (2x); saude (1x); epidemia (1x),"Peso semantico do topico 'Saude Publica e Cooperacao Sanitaria' na nota = 21 (soma ponderada de ocorrencias lexicais: titulo x3 + 1o paragrafo substantivo x2 + demais paragrafos x1). Peso total da nota, somando todos os topicos identificados, = 495. Percentual = (21 / 495) x 100 = 4.2%. Termos computados (radical, casamento por fronteira de palavra): epidemic (5x); vacina (4x); vaccine (4x); pandemia (2x); covid-19 (2x); pandemic (2x); saude (1x); epidemia (1x).",Sim
Nota,"Declarações Políticas, Visitas de Estado e Diplomacia Institucional",1911,133,14/04/2023,"Declaração Conjunta entre a República Federativa do Brasil e a República Popular da China sobre o Aprofundamento da Parceria Estratégica Global - Pequim, 14 de abril de 2023",Governanca Global e Reforma Institucional,3.2%,nacoes unidas (5x); united nations (4x); conselho de seguranca (2x); security council (2x); multilateralism (2x); multilateralismo (1x),"Peso semantico do topico 'Governanca Global e Reforma Institucional' na nota = 16 (soma ponderada de ocorrencias lexicais: titulo x3 + 1o paragrafo substantivo x2 + demais paragrafos x1). Peso total da nota, somando todos os topicos identificados, = 495. Percentual = (16 / 495) x 100 = 3.2%. Termos computados (radical, casamento por fronteira de palavra): nacoes unidas (5x); united nations (4x); conselho de seguranca (2x); security council (2x); multilateralism (2x); multilateralismo (1x).",Sim
Nota,"Declarações Políticas, Visitas de Estado e Diplomacia Institucional",1911,133,14/04/2023,"Declaração Conjunta entre a República Federativa do Brasil e a República Popular da China sobre o Aprofundamento da Parceria Estratégica Global - Pequim, 14 de abril de 2023",Outros / Temas Residuais (abaixo do limiar de 3%),2.6%,Direitos Humanos e Direito Internacional Humanitario,Soma dos topicos com peso semantico individual abaixo do limiar de materialidade de 3.0% adotado neste relatorio para evitar fragmentacao excessiva de temas acessorios.,Não
Nota,"Declarações Políticas, Visitas de Estado e Diplomacia Institucional",1942,Nota à Imprensa nº 102,17/03/2023,Visita de Estado do Senhor Presidente da República à República Popular da China,Diplomacia Institucional e Atos Bilaterais,53.3%,visita de estado (3x); relacoes diplomaticas (1x),"Peso semantico do topico 'Diplomacia Institucional e Atos Bilaterais' na nota = 8 (soma ponderada de ocorrencias lexicais: titulo x3 + 1o paragrafo substantivo x2 + demais paragrafos x1). Peso total da nota, somando todos os topicos identificados, = 15. Percentual = (8 / 15) x 100 = 53.3%. Termos computados (radical, casamento por fronteira de palavra): visita de estado (3x); relacoes diplomaticas (1x).",Não
Nota,"Declarações Políticas, Visitas de Estado e Diplomacia Institucional",1942,Nota à Imprensa nº 102,17/03/2023,Visita de Estado do Senhor Presidente da República à República Popular da China,Cooperacao Bilateral e Sul-Sul,13.3%,parceria estrategica (2x),"Peso semantico do topico 'Cooperacao Bilateral e Sul-Sul' na nota = 2 (soma ponderada de ocorrencias lexicais: titulo x3 + 1o paragrafo substantivo x2 + demais paragrafos x1). Peso total da nota, somando todos os topicos identificados, = 15. Percentual = (2 / 15) x 100 = 13.3%. Termos computados (radical, casamento por fronteira de palavra): parceria estrategica (2x).",Não
Nota,"Declarações Políticas, Visitas de Estado e Diplomacia Institucional",1942,Nota à Imprensa nº 102,17/03/2023,Visita de Estado do Senhor Presidente da República à República Popular da China,"Economia, Comercio Exterior e Agronegocio",13.3%,comercio (2x),"Peso semantico do topico 'Economia, Comercio Exterior e Agronegocio' na nota = 2 (soma ponderada de ocorrencias lexicais: titulo x3 + 1o paragrafo substantivo x2 + demais paragrafos x1). Peso total da nota, somando todos os topicos identificados, = 15. Percentual = (2 / 15) x 100 = 13.3%. Termos computados (radical, casamento por fronteira de palavra): comercio (2x).",Não
Nota,"Declarações Políticas, Visitas de Estado e Diplomacia Institucional",1942,Nota à Imprensa nº 102,17/03/2023,Visita de Estado do Senhor Presidente da República à República Popular da China,"Transicao Energetica, Meio Ambiente e Mudanca do Clima",13.3%,transicao energetica (1x); climatic (1x),"Peso semantico do topico 'Transicao Energetica, Meio Ambiente e Mudanca do Clima' na nota = 2 (soma ponderada de ocorrencias lexicais: titulo x3 + 1o paragrafo substantivo x2 + demais paragrafos x1). Peso total da nota, somando todos os topicos identificados, = 15. Percentual = (2 / 15) x 100 = 13.3%. Termos computados (radical, casamento por fronteira de palavra): transicao energetica (1x); climatic (1x).",Não
Nota,"Declarações Políticas, Visitas de Estado e Diplomacia Institucional",1942,Nota à Imprensa nº 102,17/03/2023,Visita de Estado do Senhor Presidente da República à República Popular da China,"Defesa, Seguranca Internacional e Geopolitica",6.7%,paz (1x),"Peso semantico do topico 'Defesa, Seguranca Internacional e Geopolitica' na nota = 1 (soma ponderada de ocorrencias lexicais: titulo x3 + 1o paragrafo substantivo x2 + demais paragrafos x1). Peso total da nota, somando todos os topicos identificados, = 15. Percentual = (1 / 15) x 100 = 6.7%. Termos computados (radical, casamento por fronteira de palavra): paz (1x).",Não
Consolidado Bloco,"Declarações Políticas, Visitas de Estado e Diplomacia Institucional",,,,"Consolidado Geral do Bloco: Declarações Políticas, Visitas de Estado e Diplomacia Institucional","Economia, Comercio Exterior e Agronegocio",18.3%,comercio (36x); agricultur (34x); import (33x); trade (17x); export (11x); agricola (9x); exportac (7x); quarentena (6x); salvaguarda (6x); fitossanitari (6x),"Consolidacao ponderada das 12 notas do bloco. Peso semantico acumulado do topico 'Economia, Comercio Exterior e Agronegocio' = 188 (soma dos pesos ponderados titulo x3 / 1o paragrafo x2 / corpo x1 de cada nota). Peso total acumulado do bloco (todos os topicos) = 1025. Percentual consolidado = (188 / 1025) x 100 = 18.3%. Termos mais recorrentes no bloco: comercio (36x); agricultur (34x); import (33x); trade (17x); export (11x); agricola (9x); exportac (7x); quarentena (6x); salvaguarda (6x); fitossanitari (6x).",Não
Consolidado Bloco,"Declarações Políticas, Visitas de Estado e Diplomacia Institucional",,,,"Consolidado Geral do Bloco: Declarações Políticas, Visitas de Estado e Diplomacia Institucional",Diplomacia Institucional e Atos Bilaterais,13.6%,memorando de entendimento (46x); visita de estado (23x); memorandum of understanding (10x); relacoes diplomaticas (9x); aniversario (6x); visita oficial (4x); chanceler (4x); atos adotados (3x); state visit (2x); comunicado conjunto (1x),Consolidacao ponderada das 12 notas do bloco. Peso semantico acumulado do topico 'Diplomacia Institucional e Atos Bilaterais' = 139 (soma dos pesos ponderados titulo x3 / 1o paragrafo x2 / corpo x1 de cada nota). Peso total acumulado do bloco (todos os topicos) = 1025. Percentual consolidado = (139 / 1025) x 100 = 13.6%. Termos mais recorrentes no bloco: memorando de entendimento (46x); visita de estado (23x); memorandum of understanding (10x); relacoes diplomaticas (9x); aniversario (6x); visita oficial (4x); chanceler (4x); atos adotados (3x); state visit (2x); comunicado conjunto (1x).,Não
Consolidado Bloco,"Declarações Políticas, Visitas de Estado e Diplomacia Institucional",,,,"Consolidado Geral do Bloco: Declarações Políticas, Visitas de Estado e Diplomacia Institucional",Multilateralismo e Foruns Plurilaterais,13.2%,brics (30x); cosban (23x); g20 (21x); deg (8x); declaracao conjunta (8x); celac (8x); cupula (8x); dialogo estrategico global (4x); consenso (4x); summit (1x),Consolidacao ponderada das 12 notas do bloco. Peso semantico acumulado do topico 'Multilateralismo e Foruns Plurilaterais' = 135 (soma dos pesos ponderados titulo x3 / 1o paragrafo x2 / corpo x1 de cada nota). Peso total acumulado do bloco (todos os topicos) = 1025. Percentual consolidado = (135 / 1025) x 100 = 13.2%. Termos mais recorrentes no bloco: brics (30x); cosban (23x); g20 (21x); deg (8x); declaracao conjunta (8x); celac (8x); cupula (8x); dialogo estrategico global (4x); consenso (4x); summit (1x).,Não
Consolidado Bloco,"Declarações Políticas, Visitas de Estado e Diplomacia Institucional",,,,"Consolidado Geral do Bloco: Declarações Políticas, Visitas de Estado e Diplomacia Institucional","Tecnologia, Inovacao e Espaco",13.2%,tecnolog (46x); inovac (23x); technology (10x); innovation (9x); inteligencia artificial (8x); cbers (8x); sincrotron (4x); research and development (4x); dados (3x); cibernet (3x),"Consolidacao ponderada das 12 notas do bloco. Peso semantico acumulado do topico 'Tecnologia, Inovacao e Espaco' = 135 (soma dos pesos ponderados titulo x3 / 1o paragrafo x2 / corpo x1 de cada nota). Peso total acumulado do bloco (todos os topicos) = 1025. Percentual consolidado = (135 / 1025) x 100 = 13.2%. Termos mais recorrentes no bloco: tecnolog (46x); inovac (23x); technology (10x); innovation (9x); inteligencia artificial (8x); cbers (8x); sincrotron (4x); research and development (4x); dados (3x); cibernet (3x).",Não
Consolidado Bloco,"Declarações Políticas, Visitas de Estado e Diplomacia Institucional",,,,"Consolidado Geral do Bloco: Declarações Políticas, Visitas de Estado e Diplomacia Institucional","Infraestrutura, Investimentos e Financas",8.7%,investment (19x); finance (17x); infraestrutura (15x); ndb (7x); infrastructure (7x); cinturao e rota (4x); financiamento (3x); financial (3x); porto (2x); ferrovia (2x),"Consolidacao ponderada das 12 notas do bloco. Peso semantico acumulado do topico 'Infraestrutura, Investimentos e Financas' = 89 (soma dos pesos ponderados titulo x3 / 1o paragrafo x2 / corpo x1 de cada nota). Peso total acumulado do bloco (todos os topicos) = 1025. Percentual consolidado = (89 / 1025) x 100 = 8.7%. Termos mais recorrentes no bloco: investment (19x); finance (17x); infraestrutura (15x); ndb (7x); infrastructure (7x); cinturao e rota (4x); financiamento (3x); financial (3x); porto (2x); ferrovia (2x).",Não
Consolidado Bloco,"Declarações Políticas, Visitas de Estado e Diplomacia Institucional",,,,"Consolidado Geral do Bloco: Declarações Políticas, Visitas de Estado e Diplomacia Institucional","Educacao, Cultura e Intercambio Humano",6.5%,cultura (20x); turismo (8x); universidade (5x); educacao (5x); esporte (5x); sport (5x); ano cultural (3x); tourism (3x); intercambio cultural (2x); estudante (2x),"Consolidacao ponderada das 12 notas do bloco. Peso semantico acumulado do topico 'Educacao, Cultura e Intercambio Humano' = 67 (soma dos pesos ponderados titulo x3 / 1o paragrafo x2 / corpo x1 de cada nota). Peso total acumulado do bloco (todos os topicos) = 1025. Percentual consolidado = (67 / 1025) x 100 = 6.5%. Termos mais recorrentes no bloco: cultura (20x); turismo (8x); universidade (5x); educacao (5x); esporte (5x); sport (5x); ano cultural (3x); tourism (3x); intercambio cultural (2x); estudante (2x).",Não
Consolidado Bloco,"Declarações Políticas, Visitas de Estado e Diplomacia Institucional",,,,"Consolidado Geral do Bloco: Declarações Políticas, Visitas de Estado e Diplomacia Institucional","Transicao Energetica, Meio Ambiente e Mudanca do Clima",6.4%,cop (11x); transicao energetica (8x); mudanca do clima (7x); environment (7x); biodiversidade (5x); climatic (4x); ambiental (4x); florest (4x); climate change (4x); biodiversity (4x),"Consolidacao ponderada das 12 notas do bloco. Peso semantico acumulado do topico 'Transicao Energetica, Meio Ambiente e Mudanca do Clima' = 66 (soma dos pesos ponderados titulo x3 / 1o paragrafo x2 / corpo x1 de cada nota). Peso total acumulado do bloco (todos os topicos) = 1025. Percentual consolidado = (66 / 1025) x 100 = 6.4%. Termos mais recorrentes no bloco: cop (11x); transicao energetica (8x); mudanca do clima (7x); environment (7x); biodiversidade (5x); climatic (4x); ambiental (4x); florest (4x); climate change (4x); biodiversity (4x).",Não
Consolidado Bloco,"Declarações Políticas, Visitas de Estado e Diplomacia Institucional",,,,"Consolidado Geral do Bloco: Declarações Políticas, Visitas de Estado e Diplomacia Institucional","Defesa, Seguranca Internacional e Geopolitica",5.5%,paz (15x); peace (8x); defesa (7x); security (5x); ucrania (4x); solucao pacifica (3x); nao proliferacao (3x); terrorismo (2x); oriente medio (2x); conflito (2x),"Consolidacao ponderada das 12 notas do bloco. Peso semantico acumulado do topico 'Defesa, Seguranca Internacional e Geopolitica' = 56 (soma dos pesos ponderados titulo x3 / 1o paragrafo x2 / corpo x1 de cada nota). Peso total acumulado do bloco (todos os topicos) = 1025. Percentual consolidado = (56 / 1025) x 100 = 5.5%. Termos mais recorrentes no bloco: paz (15x); peace (8x); defesa (7x); security (5x); ucrania (4x); solucao pacifica (3x); nao proliferacao (3x); terrorismo (2x); oriente medio (2x); conflito (2x).",Não
Consolidado Bloco,"Declarações Políticas, Visitas de Estado e Diplomacia Institucional",,,,"Consolidado Geral do Bloco: Declarações Políticas, Visitas de Estado e Diplomacia Institucional",Governanca Global e Reforma Institucional,5.5%,nacoes unidas (17x); governanca global (8x); conselho de seguranca (7x); multilateralism (6x); multilateralismo (5x); united nations (4x); ordem internacional (3x); arquitetura financeira (2x); security council (2x),Consolidacao ponderada das 12 notas do bloco. Peso semantico acumulado do topico 'Governanca Global e Reforma Institucional' = 56 (soma dos pesos ponderados titulo x3 / 1o paragrafo x2 / corpo x1 de cada nota). Peso total acumulado do bloco (todos os topicos) = 1025. Percentual consolidado = (56 / 1025) x 100 = 5.5%. Termos mais recorrentes no bloco: nacoes unidas (17x); governanca global (8x); conselho de seguranca (7x); multilateralism (6x); multilateralismo (5x); united nations (4x); ordem internacional (3x); arquitetura financeira (2x); security council (2x).,Não
Consolidado Bloco,"Declarações Políticas, Visitas de Estado e Diplomacia Institucional",,,,"Consolidado Geral do Bloco: Declarações Políticas, Visitas de Estado e Diplomacia Institucional",Cooperacao Bilateral e Sul-Sul,4.5%,parceria estrategica (12x); cooperacao bilateral (11x); bilateral cooperation (8x); strategic partnership (3x); capacitac (2x); sul-sul (2x); complementaridade (2x); transferencia de tecnologia (2x); south-south (1x); mutual benefit (1x),Consolidacao ponderada das 12 notas do bloco. Peso semantico acumulado do topico 'Cooperacao Bilateral e Sul-Sul' = 46 (soma dos pesos ponderados titulo x3 / 1o paragrafo x2 / corpo x1 de cada nota). Peso total acumulado do bloco (todos os topicos) = 1025. Percentual consolidado = (46 / 1025) x 100 = 4.5%. Termos mais recorrentes no bloco: parceria estrategica (12x); cooperacao bilateral (11x); bilateral cooperation (8x); strategic partnership (3x); capacitac (2x); sul-sul (2x); complementaridade (2x); transferencia de tecnologia (2x); south-south (1x); mutual benefit (1x).,Não
Consolidado Bloco,"Declarações Políticas, Visitas de Estado e Diplomacia Institucional",,,,"Consolidado Geral do Bloco: Declarações Políticas, Visitas de Estado e Diplomacia Institucional",Saude Publica e Cooperacao Sanitaria,2.8%,saude (8x); epidemic (5x); vacina (4x); vaccine (4x); pandemia (2x); covid-19 (2x); pandemic (2x); epidemia (1x),Consolidacao ponderada das 12 notas do bloco. Peso semantico acumulado do topico 'Saude Publica e Cooperacao Sanitaria' = 29 (soma dos pesos ponderados titulo x3 / 1o paragrafo x2 / corpo x1 de cada nota). Peso total acumulado do bloco (todos os topicos) = 1025. Percentual consolidado = (29 / 1025) x 100 = 2.8%. Termos mais recorrentes no bloco: saude (8x); epidemic (5x); vacina (4x); vaccine (4x); pandemia (2x); covid-19 (2x); pandemic (2x); epidemia (1x).,Não
Consolidado Bloco,"Declarações Políticas, Visitas de Estado e Diplomacia Institucional",,,,"Consolidado Geral do Bloco: Declarações Políticas, Visitas de Estado e Diplomacia Institucional",Direitos Humanos e Direito Internacional Humanitario,1.9%,fome (16x); combate a pobreza (2x); humanitarian (1x),Consolidacao ponderada das 12 notas do bloco. Peso semantico acumulado do topico 'Direitos Humanos e Direito Internacional Humanitario' = 19 (soma dos pesos ponderados titulo x3 / 1o paragrafo x2 / corpo x1 de cada nota). Peso total acumulado do bloco (todos os topicos) = 1025. Percentual consolidado = (19 / 1025) x 100 = 1.9%. Termos mais recorrentes no bloco: fome (16x); combate a pobreza (2x); humanitarian (1x).,Não
Nota,Cooperação Multilateral e Governança Global,516,298,06/07/2025,"Declaração de Líderes do BRICS — Rio de Janeiro, 06 de julho de 2025",Multilateralismo e Foruns Plurilaterais,30.3%,brics (463x); g20 (18x); cupula (13x); summit (13x); consenso (12x); deg (4x); declaracao conjunta (2x),"Peso semantico do topico 'Multilateralismo e Foruns Plurilaterais' na nota = 527 (soma ponderada de ocorrencias lexicais: titulo x3 + 1o paragrafo substantivo x2 + demais paragrafos x1). Peso total da nota, somando todos os topicos identificados, = 1737. Percentual = (527 / 1737) x 100 = 30.3%. Termos computados (radical, casamento por fronteira de palavra): brics (463x); g20 (18x); cupula (13x); summit (13x); consenso (12x); deg (4x); declaracao conjunta (2x).",Não
Nota,Cooperação Multilateral e Governança Global,516,298,06/07/2025,"Declaração de Líderes do BRICS — Rio de Janeiro, 06 de julho de 2025","Economia, Comercio Exterior e Agronegocio",13.3%,import (102x); trade (42x); comercio (40x); agricultur (28x); agricola (11x); customs (4x); salvaguarda (2x); export (2x),"Peso semantico do topico 'Economia, Comercio Exterior e Agronegocio' na nota = 231 (soma ponderada de ocorrencias lexicais: titulo x3 + 1o paragrafo substantivo x2 + demais paragrafos x1). Peso total da nota, somando todos os topicos identificados, = 1737. Percentual = (231 / 1737) x 100 = 13.3%. Termos computados (radical, casamento por fronteira de palavra): import (102x); trade (42x); comercio (40x); agricultur (28x); agricola (11x); customs (4x); salvaguarda (2x); export (2x).",Não
Nota,Cooperação Multilateral e Governança Global,516,298,06/07/2025,"Declaração de Líderes do BRICS — Rio de Janeiro, 06 de julho de 2025","Defesa, Seguranca Internacional e Geopolitica",10.2%,security (53x); peace (41x); paz (28x); conflito (24x); terrorismo (12x); mediacao (5x); oriente medio (3x); solucao pacifica (2x),"Peso semantico do topico 'Defesa, Seguranca Internacional e Geopolitica' na nota = 177 (soma ponderada de ocorrencias lexicais: titulo x3 + 1o paragrafo substantivo x2 + demais paragrafos x1). Peso total da nota, somando todos os topicos identificados, = 1737. Percentual = (177 / 1737) x 100 = 10.2%. Termos computados (radical, casamento por fronteira de palavra): security (53x); peace (41x); paz (28x); conflito (24x); terrorismo (12x); mediacao (5x); oriente medio (3x); solucao pacifica (2x).",Não
Nota,Cooperação Multilateral e Governança Global,516,298,06/07/2025,"Declaração de Líderes do BRICS — Rio de Janeiro, 06 de julho de 2025","Transicao Energetica, Meio Ambiente e Mudanca do Clima",9.0%,environment (30x); climate change (20x); mudanca do clima (19x); cop (15x); climatic (15x); ambiental (11x); biodiversidade (8x); florest (8x),"Peso semantico do topico 'Transicao Energetica, Meio Ambiente e Mudanca do Clima' na nota = 156 (soma ponderada de ocorrencias lexicais: titulo x3 + 1o paragrafo substantivo x2 + demais paragrafos x1). Peso total da nota, somando todos os topicos identificados, = 1737. Percentual = (156 / 1737) x 100 = 9.0%. Termos computados (radical, casamento por fronteira de palavra): environment (30x); climate change (20x); mudanca do clima (19x); cop (15x); climatic (15x); ambiental (11x); biodiversidade (8x); florest (8x).",Não
Nota,Cooperação Multilateral e Governança Global,516,298,06/07/2025,"Declaração de Líderes do BRICS — Rio de Janeiro, 06 de julho de 2025","Infraestrutura, Investimentos e Financas",8.5%,finance (33x); infraestrutura (23x); infrastructure (23x); financial (21x); financiamento (18x); investment (12x); conectividade (7x); ndb (7x),"Peso semantico do topico 'Infraestrutura, Investimentos e Financas' na nota = 147 (soma ponderada de ocorrencias lexicais: titulo x3 + 1o paragrafo substantivo x2 + demais paragrafos x1). Peso total da nota, somando todos os topicos identificados, = 1737. Percentual = (147 / 1737) x 100 = 8.5%. Termos computados (radical, casamento por fronteira de palavra): finance (33x); infraestrutura (23x); infrastructure (23x); financial (21x); financiamento (18x); investment (12x); conectividade (7x); ndb (7x).",Não
Nota,Cooperação Multilateral e Governança Global,516,298,06/07/2025,"Declaração de Líderes do BRICS — Rio de Janeiro, 06 de julho de 2025","Tecnologia, Inovacao e Espaco",8.1%,tecnolog (38x); innovation (24x); inovac (22x); dados (15x); technology (11x); inteligencia artificial (10x); artificial intelligence (9x); satelit (2x),"Peso semantico do topico 'Tecnologia, Inovacao e Espaco' na nota = 140 (soma ponderada de ocorrencias lexicais: titulo x3 + 1o paragrafo substantivo x2 + demais paragrafos x1). Peso total da nota, somando todos os topicos identificados, = 1737. Percentual = (140 / 1737) x 100 = 8.1%. Termos computados (radical, casamento por fronteira de palavra): tecnolog (38x); innovation (24x); inovac (22x); dados (15x); technology (11x); inteligencia artificial (10x); artificial intelligence (9x); satelit (2x).",Não
Nota,Cooperação Multilateral e Governança Global,516,298,06/07/2025,"Declaração de Líderes do BRICS — Rio de Janeiro, 06 de julho de 2025",Governanca Global e Reforma Institucional,7.4%,nacoes unidas (33x); united nations (27x); multilateralism (14x); security council (12x); conselho de seguranca (11x); governanca global (8x); multilateralismo (7x); global governance (7x),"Peso semantico do topico 'Governanca Global e Reforma Institucional' na nota = 129 (soma ponderada de ocorrencias lexicais: titulo x3 + 1o paragrafo substantivo x2 + demais paragrafos x1). Peso total da nota, somando todos os topicos identificados, = 1737. Percentual = (129 / 1737) x 100 = 7.4%. Termos computados (radical, casamento por fronteira de palavra): nacoes unidas (33x); united nations (27x); multilateralism (14x); security council (12x); conselho de seguranca (11x); governanca global (8x); multilateralismo (7x); global governance (7x).",Não
Nota,Cooperação Multilateral e Governança Global,516,298,06/07/2025,"Declaração de Líderes do BRICS — Rio de Janeiro, 06 de julho de 2025","Educacao, Cultura e Intercambio Humano",4.8%,cultura (32x); educacao (9x); sport (9x); education (8x); turismo (7x); tourism (7x); esporte (6x); universidade (2x),"Peso semantico do topico 'Educacao, Cultura e Intercambio Humano' na nota = 84 (soma ponderada de ocorrencias lexicais: titulo x3 + 1o paragrafo substantivo x2 + demais paragrafos x1). Peso total da nota, somando todos os topicos identificados, = 1737. Percentual = (84 / 1737) x 100 = 4.8%. Termos computados (radical, casamento por fronteira de palavra): cultura (32x); educacao (9x); sport (9x); education (8x); turismo (7x); tourism (7x); esporte (6x); universidade (2x).",Não
Nota,Cooperação Multilateral e Governança Global,516,298,06/07/2025,"Declaração de Líderes do BRICS — Rio de Janeiro, 06 de julho de 2025",Direitos Humanos e Direito Internacional Humanitario,3.6%,humanitarian (19x); fome (18x); direitos humanos (9x); human rights (9x); direito internacional humanitario (5x); assistencia humanitaria (1x); combate a pobreza (1x),"Peso semantico do topico 'Direitos Humanos e Direito Internacional Humanitario' na nota = 62 (soma ponderada de ocorrencias lexicais: titulo x3 + 1o paragrafo substantivo x2 + demais paragrafos x1). Peso total da nota, somando todos os topicos identificados, = 1737. Percentual = (62 / 1737) x 100 = 3.6%. Termos computados (radical, casamento por fronteira de palavra): humanitarian (19x); fome (18x); direitos humanos (9x); human rights (9x); direito internacional humanitario (5x); assistencia humanitaria (1x); combate a pobreza (1x).",Não
Nota,Cooperação Multilateral e Governança Global,516,298,06/07/2025,"Declaração de Líderes do BRICS — Rio de Janeiro, 06 de julho de 2025",Outros / Temas Residuais (abaixo do limiar de 3%),4.8%,Cooperacao Bilateral e Sul-Sul; Diplomacia Institucional e Atos Bilaterais; Saude Publica e Cooperacao Sanitaria,Soma dos topicos com peso semantico individual abaixo do limiar de materialidade de 3.0% adotado neste relatorio para evitar fragmentacao excessiva de temas acessorios.,Não
Nota,Cooperação Multilateral e Governança Global,612,202,13/05/2025,Declaração de Pequim e Plano de Ação Conjunto - IV Reunião Ministerial do Fórum CELAC-China,Multilateralismo e Foruns Plurilaterais,100.0%,celac (4x),"Peso semantico do topico 'Multilateralismo e Foruns Plurilaterais' na nota = 7 (soma ponderada de ocorrencias lexicais: titulo x3 + 1o paragrafo substantivo x2 + demais paragrafos x1). Peso total da nota, somando todos os topicos identificados, = 7. Percentual = (7 / 7) x 100 = 100.0%. Termos computados (radical, casamento por fronteira de palavra): celac (4x).",Não
Nota,Cooperação Multilateral e Governança Global,630,184,29/04/2025,Declaração da Presidência da Reunião de Ministros das Relações Exteriores dos Países Membros do BRICS,Multilateralismo e Foruns Plurilaterais,21.3%,brics (120x); g20 (12x); consenso (7x); cupula (3x); summit (3x); deg (3x); declaracao conjunta (1x),"Peso semantico do topico 'Multilateralismo e Foruns Plurilaterais' na nota = 152 (soma ponderada de ocorrencias lexicais: titulo x3 + 1o paragrafo substantivo x2 + demais paragrafos x1). Peso total da nota, somando todos os topicos identificados, = 713. Percentual = (152 / 713) x 100 = 21.3%. Termos computados (radical, casamento por fronteira de palavra): brics (120x); g20 (12x); consenso (7x); cupula (3x); summit (3x); deg (3x); declaracao conjunta (1x).",Sim
Nota,Cooperação Multilateral e Governança Global,630,184,29/04/2025,Declaração da Presidência da Reunião de Ministros das Relações Exteriores dos Países Membros do BRICS,"Defesa, Seguranca Internacional e Geopolitica",17.5%,peace (30x); security (25x); conflito (22x); paz (19x); terrorismo (11x); geopolitica (4x); solucao pacifica (3x); mediacao (3x),"Peso semantico do topico 'Defesa, Seguranca Internacional e Geopolitica' na nota = 125 (soma ponderada de ocorrencias lexicais: titulo x3 + 1o paragrafo substantivo x2 + demais paragrafos x1). Peso total da nota, somando todos os topicos identificados, = 713. Percentual = (125 / 713) x 100 = 17.5%. Termos computados (radical, casamento por fronteira de palavra): peace (30x); security (25x); conflito (22x); paz (19x); terrorismo (11x); geopolitica (4x); solucao pacifica (3x); mediacao (3x).",Sim
Nota,Cooperação Multilateral e Governança Global,630,184,29/04/2025,Declaração da Presidência da Reunião de Ministros das Relações Exteriores dos Países Membros do BRICS,Governanca Global e Reforma Institucional,11.6%,nacoes unidas (31x); united nations (17x); conselho de seguranca (7x); security council (7x); multilateralism (6x); governanca global (3x); multilateralismo (3x); global governance (3x),"Peso semantico do topico 'Governanca Global e Reforma Institucional' na nota = 83 (soma ponderada de ocorrencias lexicais: titulo x3 + 1o paragrafo substantivo x2 + demais paragrafos x1). Peso total da nota, somando todos os topicos identificados, = 713. Percentual = (83 / 713) x 100 = 11.6%. Termos computados (radical, casamento por fronteira de palavra): nacoes unidas (31x); united nations (17x); conselho de seguranca (7x); security council (7x); multilateralism (6x); governanca global (3x); multilateralismo (3x); global governance (3x).",Sim
Nota,Cooperação Multilateral e Governança Global,630,184,29/04/2025,Declaração da Presidência da Reunião de Ministros das Relações Exteriores dos Países Membros do BRICS,"Infraestrutura, Investimentos e Financas",10.9%,finance (24x); financiamento (19x); ndb (14x); financial (9x); investment (4x); moedas locais (3x); infraestrutura (2x); infrastructure (2x),"Peso semantico do topico 'Infraestrutura, Investimentos e Financas' na nota = 78 (soma ponderada de ocorrencias lexicais: titulo x3 + 1o paragrafo substantivo x2 + demais paragrafos x1). Peso total da nota, somando todos os topicos identificados, = 713. Percentual = (78 / 713) x 100 = 10.9%. Termos computados (radical, casamento por fronteira de palavra): finance (24x); financiamento (19x); ndb (14x); financial (9x); investment (4x); moedas locais (3x); infraestrutura (2x); infrastructure (2x).",Sim
Nota,Cooperação Multilateral e Governança Global,630,184,29/04/2025,Declaração da Presidência da Reunião de Ministros das Relações Exteriores dos Países Membros do BRICS,"Transicao Energetica, Meio Ambiente e Mudanca do Clima",10.8%,cop (18x); climate change (12x); mudanca do clima (11x); climatic (10x); environment (8x); sustentabilidade (5x); sustainability (4x); biodiversidade (2x),"Peso semantico do topico 'Transicao Energetica, Meio Ambiente e Mudanca do Clima' na nota = 77 (soma ponderada de ocorrencias lexicais: titulo x3 + 1o paragrafo substantivo x2 + demais paragrafos x1). Peso total da nota, somando todos os topicos identificados, = 713. Percentual = (77 / 713) x 100 = 10.8%. Termos computados (radical, casamento por fronteira de palavra): cop (18x); climate change (12x); mudanca do clima (11x); climatic (10x); environment (8x); sustentabilidade (5x); sustainability (4x); biodiversidade (2x).",Sim
Nota,Cooperação Multilateral e Governança Global,630,184,29/04/2025,Declaração da Presidência da Reunião de Ministros das Relações Exteriores dos Países Membros do BRICS,"Economia, Comercio Exterior e Agronegocio",10.5%,import (47x); trade (14x); comercio (11x); agricultur (2x); mapa (1x),"Peso semantico do topico 'Economia, Comercio Exterior e Agronegocio' na nota = 75 (soma ponderada de ocorrencias lexicais: titulo x3 + 1o paragrafo substantivo x2 + demais paragrafos x1). Peso total da nota, somando todos os topicos identificados, = 713. Percentual = (75 / 713) x 100 = 10.5%. Termos computados (radical, casamento por fronteira de palavra): import (47x); trade (14x); comercio (11x); agricultur (2x); mapa (1x).",Sim
Nota,Cooperação Multilateral e Governança Global,630,184,29/04/2025,Declaração da Presidência da Reunião de Ministros das Relações Exteriores dos Países Membros do BRICS,Direitos Humanos e Direito Internacional Humanitario,6.2%,humanitarian (17x); direitos humanos (9x); human rights (9x); direito internacional humanitario (3x); assistencia humanitaria (3x); fome (3x),"Peso semantico do topico 'Direitos Humanos e Direito Internacional Humanitario' na nota = 44 (soma ponderada de ocorrencias lexicais: titulo x3 + 1o paragrafo substantivo x2 + demais paragrafos x1). Peso total da nota, somando todos os topicos identificados, = 713. Percentual = (44 / 713) x 100 = 6.2%. Termos computados (radical, casamento por fronteira de palavra): humanitarian (17x); direitos humanos (9x); human rights (9x); direito internacional humanitario (3x); assistencia humanitaria (3x); fome (3x).",Sim
Nota,Cooperação Multilateral e Governança Global,630,184,29/04/2025,Declaração da Presidência da Reunião de Ministros das Relações Exteriores dos Países Membros do BRICS,"Tecnologia, Inovacao e Espaco",6.0%,tecnolog (9x); dados (8x); inovac (7x); innovation (7x); inteligencia artificial (3x); technology (3x); cibernet (2x); robotic (2x),"Peso semantico do topico 'Tecnologia, Inovacao e Espaco' na nota = 43 (soma ponderada de ocorrencias lexicais: titulo x3 + 1o paragrafo substantivo x2 + demais paragrafos x1). Peso total da nota, somando todos os topicos identificados, = 713. Percentual = (43 / 713) x 100 = 6.0%. Termos computados (radical, casamento por fronteira de palavra): tecnolog (9x); dados (8x); inovac (7x); innovation (7x); inteligencia artificial (3x); technology (3x); cibernet (2x); robotic (2x).",Sim
Nota,Cooperação Multilateral e Governança Global,630,184,29/04/2025,Declaração da Presidência da Reunião de Ministros das Relações Exteriores dos Países Membros do BRICS,Outros / Temas Residuais (abaixo do limiar de 3%),5.2%,"Cooperacao Bilateral e Sul-Sul; Diplomacia Institucional e Atos Bilaterais; Educacao, Cultura e Intercambio Humano; Saude Publica e Cooperacao Sanitaria",Soma dos topicos com peso semantico individual abaixo do limiar de materialidade de 3.0% adotado neste relatorio para evitar fragmentacao excessiva de temas acessorios.,Não
Nota,Cooperação Multilateral e Governança Global,634,180,28/04/2025,"Discurso do Ministro Mauro Vieira por ocasião da Reunião de Ministros das Relações Exteriores do BRICS – Rio de Janeiro, 28 de abril de 2025","Defesa, Seguranca Internacional e Geopolitica",47.7%,paz (10x); conflito (7x); ucrania (2x); solucao pacifica (1x); geopolitica (1x),"Peso semantico do topico 'Defesa, Seguranca Internacional e Geopolitica' na nota = 21 (soma ponderada de ocorrencias lexicais: titulo x3 + 1o paragrafo substantivo x2 + demais paragrafos x1). Peso total da nota, somando todos os topicos identificados, = 44. Percentual = (21 / 44) x 100 = 47.7%. Termos computados (radical, casamento por fronteira de palavra): paz (10x); conflito (7x); ucrania (2x); solucao pacifica (1x); geopolitica (1x).",Não
Nota,Cooperação Multilateral e Governança Global,634,180,28/04/2025,"Discurso do Ministro Mauro Vieira por ocasião da Reunião de Ministros das Relações Exteriores do BRICS – Rio de Janeiro, 28 de abril de 2025",Multilateralismo e Foruns Plurilaterais,27.3%,brics (9x); deg (1x),"Peso semantico do topico 'Multilateralismo e Foruns Plurilaterais' na nota = 12 (soma ponderada de ocorrencias lexicais: titulo x3 + 1o paragrafo substantivo x2 + demais paragrafos x1). Peso total da nota, somando todos os topicos identificados, = 44. Percentual = (12 / 44) x 100 = 27.3%. Termos computados (radical, casamento por fronteira de palavra): brics (9x); deg (1x).",Não
Nota,Cooperação Multilateral e Governança Global,634,180,28/04/2025,"Discurso do Ministro Mauro Vieira por ocasião da Reunião de Ministros das Relações Exteriores do BRICS – Rio de Janeiro, 28 de abril de 2025",Governanca Global e Reforma Institucional,13.6%,nacoes unidas (3x); conselho de seguranca (1x); multilateralismo (1x); multilateralism (1x),"Peso semantico do topico 'Governanca Global e Reforma Institucional' na nota = 6 (soma ponderada de ocorrencias lexicais: titulo x3 + 1o paragrafo substantivo x2 + demais paragrafos x1). Peso total da nota, somando todos os topicos identificados, = 44. Percentual = (6 / 44) x 100 = 13.6%. Termos computados (radical, casamento por fronteira de palavra): nacoes unidas (3x); conselho de seguranca (1x); multilateralismo (1x); multilateralism (1x).",Não
Nota,Cooperação Multilateral e Governança Global,634,180,28/04/2025,"Discurso do Ministro Mauro Vieira por ocasião da Reunião de Ministros das Relações Exteriores do BRICS – Rio de Janeiro, 28 de abril de 2025",Direitos Humanos e Direito Internacional Humanitario,4.5%,assistencia humanitaria (1x); fome (1x),"Peso semantico do topico 'Direitos Humanos e Direito Internacional Humanitario' na nota = 2 (soma ponderada de ocorrencias lexicais: titulo x3 + 1o paragrafo substantivo x2 + demais paragrafos x1). Peso total da nota, somando todos os topicos identificados, = 44. Percentual = (2 / 44) x 100 = 4.5%. Termos computados (radical, casamento por fronteira de palavra): assistencia humanitaria (1x); fome (1x).",Não
Nota,Cooperação Multilateral e Governança Global,634,180,28/04/2025,"Discurso do Ministro Mauro Vieira por ocasião da Reunião de Ministros das Relações Exteriores do BRICS – Rio de Janeiro, 28 de abril de 2025","Transicao Energetica, Meio Ambiente e Mudanca do Clima",4.5%,sustentabilidade (1x); ambiental (1x),"Peso semantico do topico 'Transicao Energetica, Meio Ambiente e Mudanca do Clima' na nota = 2 (soma ponderada de ocorrencias lexicais: titulo x3 + 1o paragrafo substantivo x2 + demais paragrafos x1). Peso total da nota, somando todos os topicos identificados, = 44. Percentual = (2 / 44) x 100 = 4.5%. Termos computados (radical, casamento por fronteira de palavra): sustentabilidade (1x); ambiental (1x).",Não
Nota,Cooperação Multilateral e Governança Global,634,180,28/04/2025,"Discurso do Ministro Mauro Vieira por ocasião da Reunião de Ministros das Relações Exteriores do BRICS – Rio de Janeiro, 28 de abril de 2025",Outros / Temas Residuais (abaixo do limiar de 3%),2.4%,"Educacao, Cultura e Intercambio Humano",Soma dos topicos com peso semantico individual abaixo do limiar de materialidade de 3.0% adotado neste relatorio para evitar fragmentacao excessiva de temas acessorios.,Não
Nota,Cooperação Multilateral e Governança Global,721,94,24/02/2025,"Primeira Reunião de Sherpas do BRICS – Brasília, 25 e 26 de fevereiro",Multilateralismo e Foruns Plurilaterais,66.7%,brics (6x); cupula (1x),"Peso semantico do topico 'Multilateralismo e Foruns Plurilaterais' na nota = 10 (soma ponderada de ocorrencias lexicais: titulo x3 + 1o paragrafo substantivo x2 + demais paragrafos x1). Peso total da nota, somando todos os topicos identificados, = 15. Percentual = (10 / 15) x 100 = 66.7%. Termos computados (radical, casamento por fronteira de palavra): brics (6x); cupula (1x).",Não
Nota,Cooperação Multilateral e Governança Global,721,94,24/02/2025,"Primeira Reunião de Sherpas do BRICS – Brasília, 25 e 26 de fevereiro","Tecnologia, Inovacao e Espaco",6.7%,inteligencia artificial (1x),"Peso semantico do topico 'Tecnologia, Inovacao e Espaco' na nota = 1 (soma ponderada de ocorrencias lexicais: titulo x3 + 1o paragrafo substantivo x2 + demais paragrafos x1). Peso total da nota, somando todos os topicos identificados, = 15. Percentual = (1 / 15) x 100 = 6.7%. Termos computados (radical, casamento por fronteira de palavra): inteligencia artificial (1x).",Não
Nota,Cooperação Multilateral e Governança Global,721,94,24/02/2025,"Primeira Reunião de Sherpas do BRICS – Brasília, 25 e 26 de fevereiro","Economia, Comercio Exterior e Agronegocio",6.7%,comercio (1x),"Peso semantico do topico 'Economia, Comercio Exterior e Agronegocio' na nota = 1 (soma ponderada de ocorrencias lexicais: titulo x3 + 1o paragrafo substantivo x2 + demais paragrafos x1). Peso total da nota, somando todos os topicos identificados, = 15. Percentual = (1 / 15) x 100 = 6.7%. Termos computados (radical, casamento por fronteira de palavra): comercio (1x).",Não
Nota,Cooperação Multilateral e Governança Global,721,94,24/02/2025,"Primeira Reunião de Sherpas do BRICS – Brasília, 25 e 26 de fevereiro","Transicao Energetica, Meio Ambiente e Mudanca do Clima",6.7%,mudanca do clima (1x),"Peso semantico do topico 'Transicao Energetica, Meio Ambiente e Mudanca do Clima' na nota = 1 (soma ponderada de ocorrencias lexicais: titulo x3 + 1o paragrafo substantivo x2 + demais paragrafos x1). Peso total da nota, somando todos os topicos identificados, = 15. Percentual = (1 / 15) x 100 = 6.7%. Termos computados (radical, casamento por fronteira de palavra): mudanca do clima (1x).",Não
Nota,Cooperação Multilateral e Governança Global,721,94,24/02/2025,"Primeira Reunião de Sherpas do BRICS – Brasília, 25 e 26 de fevereiro","Infraestrutura, Investimentos e Financas",6.7%,finance (1x),"Peso semantico do topico 'Infraestrutura, Investimentos e Financas' na nota = 1 (soma ponderada de ocorrencias lexicais: titulo x3 + 1o paragrafo substantivo x2 + demais paragrafos x1). Peso total da nota, somando todos os topicos identificados, = 15. Percentual = (1 / 15) x 100 = 6.7%. Termos computados (radical, casamento por fronteira de palavra): finance (1x).",Não
Nota,Cooperação Multilateral e Governança Global,721,94,24/02/2025,"Primeira Reunião de Sherpas do BRICS – Brasília, 25 e 26 de fevereiro",Saude Publica e Cooperacao Sanitaria,6.7%,saude (1x),"Peso semantico do topico 'Saude Publica e Cooperacao Sanitaria' na nota = 1 (soma ponderada de ocorrencias lexicais: titulo x3 + 1o paragrafo substantivo x2 + demais paragrafos x1). Peso total da nota, somando todos os topicos identificados, = 15. Percentual = (1 / 15) x 100 = 6.7%. Termos computados (radical, casamento por fronteira de palavra): saude (1x).",Não
Nota,Cooperação Multilateral e Governança Global,741,74,15/02/2025,"Escolha do Rio de Janeiro para sediar a Cúpula do BRICS, dias 6 e 7 de julho",Multilateralismo e Foruns Plurilaterais,94.1%,brics (4x); cupula (4x); consenso (2x),"Peso semantico do topico 'Multilateralismo e Foruns Plurilaterais' na nota = 16 (soma ponderada de ocorrencias lexicais: titulo x3 + 1o paragrafo substantivo x2 + demais paragrafos x1). Peso total da nota, somando todos os topicos identificados, = 17. Percentual = (16 / 17) x 100 = 94.1%. Termos computados (radical, casamento por fronteira de palavra): brics (4x); cupula (4x); consenso (2x).",Não
Nota,Cooperação Multilateral e Governança Global,741,74,15/02/2025,"Escolha do Rio de Janeiro para sediar a Cúpula do BRICS, dias 6 e 7 de julho",Diplomacia Institucional e Atos Bilaterais,5.9%,chanceler (1x),"Peso semantico do topico 'Diplomacia Institucional e Atos Bilaterais' na nota = 1 (soma ponderada de ocorrencias lexicais: titulo x3 + 1o paragrafo substantivo x2 + demais paragrafos x1). Peso total da nota, somando todos os topicos identificados, = 17. Percentual = (1 / 17) x 100 = 5.9%. Termos computados (radical, casamento por fronteira de palavra): chanceler (1x).",Não
Nota,Cooperação Multilateral e Governança Global,939,Nota à imprensa nº 505,23/10/2024,"XVI Cúpula do BRICS – Kazan, Rússia, 22 a 24 de outubro de 2024 - Declaração Final",Multilateralismo e Foruns Plurilaterais,35.9%,brics (479x); g20 (22x); cupula (13x); summit (12x); consenso (11x); deg (4x); declaracao conjunta (3x),"Peso semantico do topico 'Multilateralismo e Foruns Plurilaterais' na nota = 548 (soma ponderada de ocorrencias lexicais: titulo x3 + 1o paragrafo substantivo x2 + demais paragrafos x1). Peso total da nota, somando todos os topicos identificados, = 1525. Percentual = (548 / 1525) x 100 = 35.9%. Termos computados (radical, casamento por fronteira de palavra): brics (479x); g20 (22x); cupula (13x); summit (12x); consenso (11x); deg (4x); declaracao conjunta (3x).",Não
Nota,Cooperação Multilateral e Governança Global,939,Nota à imprensa nº 505,23/10/2024,"XVI Cúpula do BRICS – Kazan, Rússia, 22 a 24 de outubro de 2024 - Declaração Final","Economia, Comercio Exterior e Agronegocio",12.4%,import (116x); comercio (21x); trade (17x); agricultur (16x); agricola (6x); export (4x); customs (3x); salvaguarda (2x),"Peso semantico do topico 'Economia, Comercio Exterior e Agronegocio' na nota = 189 (soma ponderada de ocorrencias lexicais: titulo x3 + 1o paragrafo substantivo x2 + demais paragrafos x1). Peso total da nota, somando todos os topicos identificados, = 1525. Percentual = (189 / 1525) x 100 = 12.4%. Termos computados (radical, casamento por fronteira de palavra): import (116x); comercio (21x); trade (17x); agricultur (16x); agricola (6x); export (4x); customs (3x); salvaguarda (2x).",Não
Nota,Cooperação Multilateral e Governança Global,939,Nota à imprensa nº 505,23/10/2024,"XVI Cúpula do BRICS – Kazan, Rússia, 22 a 24 de outubro de 2024 - Declaração Final","Infraestrutura, Investimentos e Financas",10.2%,finance (37x); financial (25x); financiamento (21x); infraestrutura (19x); infrastructure (19x); ndb (16x); investment (12x); moedas locais (4x),"Peso semantico do topico 'Infraestrutura, Investimentos e Financas' na nota = 156 (soma ponderada de ocorrencias lexicais: titulo x3 + 1o paragrafo substantivo x2 + demais paragrafos x1). Peso total da nota, somando todos os topicos identificados, = 1525. Percentual = (156 / 1525) x 100 = 10.2%. Termos computados (radical, casamento por fronteira de palavra): finance (37x); financial (25x); financiamento (21x); infraestrutura (19x); infrastructure (19x); ndb (16x); investment (12x); moedas locais (4x).",Não
Nota,Cooperação Multilateral e Governança Global,939,Nota à imprensa nº 505,23/10/2024,"XVI Cúpula do BRICS – Kazan, Rússia, 22 a 24 de outubro de 2024 - Declaração Final","Defesa, Seguranca Internacional e Geopolitica",9.2%,security (45x); peace (28x); paz (17x); terrorismo (17x); conflito (17x); oriente medio (4x); solucao pacifica (2x); mediacao (2x),"Peso semantico do topico 'Defesa, Seguranca Internacional e Geopolitica' na nota = 141 (soma ponderada de ocorrencias lexicais: titulo x3 + 1o paragrafo substantivo x2 + demais paragrafos x1). Peso total da nota, somando todos os topicos identificados, = 1525. Percentual = (141 / 1525) x 100 = 9.2%. Termos computados (radical, casamento por fronteira de palavra): security (45x); peace (28x); paz (17x); terrorismo (17x); conflito (17x); oriente medio (4x); solucao pacifica (2x); mediacao (2x).",Não
Nota,Cooperação Multilateral e Governança Global,939,Nota à imprensa nº 505,23/10/2024,"XVI Cúpula do BRICS – Kazan, Rússia, 22 a 24 de outubro de 2024 - Declaração Final","Tecnologia, Inovacao e Espaco",7.9%,tecnolog (37x); innovation (19x); inovac (17x); technology (14x); dados (10x); artificial intelligence (5x); inteligencia artificial (4x); satelit (3x),"Peso semantico do topico 'Tecnologia, Inovacao e Espaco' na nota = 121 (soma ponderada de ocorrencias lexicais: titulo x3 + 1o paragrafo substantivo x2 + demais paragrafos x1). Peso total da nota, somando todos os topicos identificados, = 1525. Percentual = (121 / 1525) x 100 = 7.9%. Termos computados (radical, casamento por fronteira de palavra): tecnolog (37x); innovation (19x); inovac (17x); technology (14x); dados (10x); artificial intelligence (5x); inteligencia artificial (4x); satelit (3x).",Não
Nota,Cooperação Multilateral e Governança Global,939,Nota à imprensa nº 505,23/10/2024,"XVI Cúpula do BRICS – Kazan, Rússia, 22 a 24 de outubro de 2024 - Declaração Final","Transicao Energetica, Meio Ambiente e Mudanca do Clima",6.8%,environment (23x); cop (18x); climatic (18x); climate change (11x); energy transition (7x); biodiversidade (5x); biodiversity (5x); sustentabilidade (3x),"Peso semantico do topico 'Transicao Energetica, Meio Ambiente e Mudanca do Clima' na nota = 104 (soma ponderada de ocorrencias lexicais: titulo x3 + 1o paragrafo substantivo x2 + demais paragrafos x1). Peso total da nota, somando todos os topicos identificados, = 1525. Percentual = (104 / 1525) x 100 = 6.8%. Termos computados (radical, casamento por fronteira de palavra): environment (23x); cop (18x); climatic (18x); climate change (11x); energy transition (7x); biodiversidade (5x); biodiversity (5x); sustentabilidade (3x).",Não
Nota,Cooperação Multilateral e Governança Global,939,Nota à imprensa nº 505,23/10/2024,"XVI Cúpula do BRICS – Kazan, Rússia, 22 a 24 de outubro de 2024 - Declaração Final","Educacao, Cultura e Intercambio Humano",5.9%,cultura (28x); education (15x); educacao (14x); sport (12x); esporte (6x); turismo (5x); tourism (4x); universidade (2x),"Peso semantico do topico 'Educacao, Cultura e Intercambio Humano' na nota = 90 (soma ponderada de ocorrencias lexicais: titulo x3 + 1o paragrafo substantivo x2 + demais paragrafos x1). Peso total da nota, somando todos os topicos identificados, = 1525. Percentual = (90 / 1525) x 100 = 5.9%. Termos computados (radical, casamento por fronteira de palavra): cultura (28x); education (15x); educacao (14x); sport (12x); esporte (6x); turismo (5x); tourism (4x); universidade (2x).",Não
Nota,Cooperação Multilateral e Governança Global,939,Nota à imprensa nº 505,23/10/2024,"XVI Cúpula do BRICS – Kazan, Rússia, 22 a 24 de outubro de 2024 - Declaração Final",Governanca Global e Reforma Institucional,5.8%,nacoes unidas (25x); united nations (21x); multilateralism (8x); conselho de seguranca (6x); governanca global (5x); arquitetura financeira (4x); multilateralismo (4x); global governance (4x),"Peso semantico do topico 'Governanca Global e Reforma Institucional' na nota = 88 (soma ponderada de ocorrencias lexicais: titulo x3 + 1o paragrafo substantivo x2 + demais paragrafos x1). Peso total da nota, somando todos os topicos identificados, = 1525. Percentual = (88 / 1525) x 100 = 5.8%. Termos computados (radical, casamento por fronteira de palavra): nacoes unidas (25x); united nations (21x); multilateralism (8x); conselho de seguranca (6x); governanca global (5x); arquitetura financeira (4x); multilateralismo (4x); global governance (4x).",Não
Nota,Cooperação Multilateral e Governança Global,939,Nota à imprensa nº 505,23/10/2024,"XVI Cúpula do BRICS – Kazan, Rússia, 22 a 24 de outubro de 2024 - Declaração Final",Outros / Temas Residuais (abaixo do limiar de 3%),5.9%,Cooperacao Bilateral e Sul-Sul; Diplomacia Institucional e Atos Bilaterais; Direitos Humanos e Direito Internacional Humanitario; Saude Publica e Cooperacao Sanitaria,Soma dos topicos com peso semantico individual abaixo do limiar de materialidade de 3.0% adotado neste relatorio para evitar fragmentacao excessiva de temas acessorios.,Não
Nota,Cooperação Multilateral e Governança Global,1675,Nota à Imprensa nº 399,20/09/2023,"Reunião de Chanceleres do BRICS à margem da 78ª Sessão da Assembleia Geral das Nações Unidas – Comunicado Conjunto – Nova York, 20 de setembro de 2023",Multilateralismo e Foruns Plurilaterais,31.2%,brics (36x); g20 (8x); summit (7x),"Peso semantico do topico 'Multilateralismo e Foruns Plurilaterais' na nota = 55 (soma ponderada de ocorrencias lexicais: titulo x3 + 1o paragrafo substantivo x2 + demais paragrafos x1). Peso total da nota, somando todos os topicos identificados, = 176. Percentual = (55 / 176) x 100 = 31.2%. Termos computados (radical, casamento por fronteira de palavra): brics (36x); g20 (8x); summit (7x).",Não
Nota,Cooperação Multilateral e Governança Global,1675,Nota à Imprensa nº 399,20/09/2023,"Reunião de Chanceleres do BRICS à margem da 78ª Sessão da Assembleia Geral das Nações Unidas – Comunicado Conjunto – Nova York, 20 de setembro de 2023","Defesa, Seguranca Internacional e Geopolitica",17.6%,security (20x); peace (10x); ukraine (1x),"Peso semantico do topico 'Defesa, Seguranca Internacional e Geopolitica' na nota = 31 (soma ponderada de ocorrencias lexicais: titulo x3 + 1o paragrafo substantivo x2 + demais paragrafos x1). Peso total da nota, somando todos os topicos identificados, = 176. Percentual = (31 / 176) x 100 = 17.6%. Termos computados (radical, casamento por fronteira de palavra): security (20x); peace (10x); ukraine (1x).",Não
Nota,Cooperação Multilateral e Governança Global,1675,Nota à Imprensa nº 399,20/09/2023,"Reunião de Chanceleres do BRICS à margem da 78ª Sessão da Assembleia Geral das Nações Unidas – Comunicado Conjunto – Nova York, 20 de setembro de 2023",Governanca Global e Reforma Institucional,15.9%,united nations (12x); security council (6x); global governance (4x); multilateralism (2x); nacoes unidas (1x),"Peso semantico do topico 'Governanca Global e Reforma Institucional' na nota = 28 (soma ponderada de ocorrencias lexicais: titulo x3 + 1o paragrafo substantivo x2 + demais paragrafos x1). Peso total da nota, somando todos os topicos identificados, = 176. Percentual = (28 / 176) x 100 = 15.9%. Termos computados (radical, casamento por fronteira de palavra): united nations (12x); security council (6x); global governance (4x); multilateralism (2x); nacoes unidas (1x).",Não
Nota,Cooperação Multilateral e Governança Global,1675,Nota à Imprensa nº 399,20/09/2023,"Reunião de Chanceleres do BRICS à margem da 78ª Sessão da Assembleia Geral das Nações Unidas – Comunicado Conjunto – Nova York, 20 de setembro de 2023","Transicao Energetica, Meio Ambiente e Mudanca do Clima",8.5%,biodiversity (5x); cop (4x); environment (3x); climate change (2x); sustainability (1x),"Peso semantico do topico 'Transicao Energetica, Meio Ambiente e Mudanca do Clima' na nota = 15 (soma ponderada de ocorrencias lexicais: titulo x3 + 1o paragrafo substantivo x2 + demais paragrafos x1). Peso total da nota, somando todos os topicos identificados, = 176. Percentual = (15 / 176) x 100 = 8.5%. Termos computados (radical, casamento por fronteira de palavra): biodiversity (5x); cop (4x); environment (3x); climate change (2x); sustainability (1x).",Não
Nota,Cooperação Multilateral e Governança Global,1675,Nota à Imprensa nº 399,20/09/2023,"Reunião de Chanceleres do BRICS à margem da 78ª Sessão da Assembleia Geral das Nações Unidas – Comunicado Conjunto – Nova York, 20 de setembro de 2023",Direitos Humanos e Direito Internacional Humanitario,7.4%,human rights (11x); humanitarian (2x),"Peso semantico do topico 'Direitos Humanos e Direito Internacional Humanitario' na nota = 13 (soma ponderada de ocorrencias lexicais: titulo x3 + 1o paragrafo substantivo x2 + demais paragrafos x1). Peso total da nota, somando todos os topicos identificados, = 176. Percentual = (13 / 176) x 100 = 7.4%. Termos computados (radical, casamento por fronteira de palavra): human rights (11x); humanitarian (2x).",Não
Nota,Cooperação Multilateral e Governança Global,1675,Nota à Imprensa nº 399,20/09/2023,"Reunião de Chanceleres do BRICS à margem da 78ª Sessão da Assembleia Geral das Nações Unidas – Comunicado Conjunto – Nova York, 20 de setembro de 2023","Economia, Comercio Exterior e Agronegocio",5.1%,import (6x); agricultur (2x); trade (1x),"Peso semantico do topico 'Economia, Comercio Exterior e Agronegocio' na nota = 9 (soma ponderada de ocorrencias lexicais: titulo x3 + 1o paragrafo substantivo x2 + demais paragrafos x1). Peso total da nota, somando todos os topicos identificados, = 176. Percentual = (9 / 176) x 100 = 5.1%. Termos computados (radical, casamento por fronteira de palavra): import (6x); agricultur (2x); trade (1x).",Não
Nota,Cooperação Multilateral e Governança Global,1675,Nota à Imprensa nº 399,20/09/2023,"Reunião de Chanceleres do BRICS à margem da 78ª Sessão da Assembleia Geral das Nações Unidas – Comunicado Conjunto – Nova York, 20 de setembro de 2023","Tecnologia, Inovacao e Espaco",4.0%,technology (4x); innovation (1x); artificial intelligence (1x); research and development (1x),"Peso semantico do topico 'Tecnologia, Inovacao e Espaco' na nota = 7 (soma ponderada de ocorrencias lexicais: titulo x3 + 1o paragrafo substantivo x2 + demais paragrafos x1). Peso total da nota, somando todos os topicos identificados, = 176. Percentual = (7 / 176) x 100 = 4.0%. Termos computados (radical, casamento por fronteira de palavra): technology (4x); innovation (1x); artificial intelligence (1x); research and development (1x).",Não
Nota,Cooperação Multilateral e Governança Global,1675,Nota à Imprensa nº 399,20/09/2023,"Reunião de Chanceleres do BRICS à margem da 78ª Sessão da Assembleia Geral das Nações Unidas – Comunicado Conjunto – Nova York, 20 de setembro de 2023","Infraestrutura, Investimentos e Financas",3.4%,financial (4x); investment (1x); finance (1x),"Peso semantico do topico 'Infraestrutura, Investimentos e Financas' na nota = 6 (soma ponderada de ocorrencias lexicais: titulo x3 + 1o paragrafo substantivo x2 + demais paragrafos x1). Peso total da nota, somando todos os topicos identificados, = 176. Percentual = (6 / 176) x 100 = 3.4%. Termos computados (radical, casamento por fronteira de palavra): financial (4x); investment (1x); finance (1x).",Não
Nota,Cooperação Multilateral e Governança Global,1675,Nota à Imprensa nº 399,20/09/2023,"Reunião de Chanceleres do BRICS à margem da 78ª Sessão da Assembleia Geral das Nações Unidas – Comunicado Conjunto – Nova York, 20 de setembro de 2023",Diplomacia Institucional e Atos Bilaterais,3.4%,comunicado conjunto (1x); chanceler (1x),"Peso semantico do topico 'Diplomacia Institucional e Atos Bilaterais' na nota = 6 (soma ponderada de ocorrencias lexicais: titulo x3 + 1o paragrafo substantivo x2 + demais paragrafos x1). Peso total da nota, somando todos os topicos identificados, = 176. Percentual = (6 / 176) x 100 = 3.4%. Termos computados (radical, casamento por fronteira de palavra): comunicado conjunto (1x); chanceler (1x).",Não
Nota,Cooperação Multilateral e Governança Global,1675,Nota à Imprensa nº 399,20/09/2023,"Reunião de Chanceleres do BRICS à margem da 78ª Sessão da Assembleia Geral das Nações Unidas – Comunicado Conjunto – Nova York, 20 de setembro de 2023",Outros / Temas Residuais (abaixo do limiar de 3%),3.5%,Cooperacao Bilateral e Sul-Sul; Saude Publica e Cooperacao Sanitaria,Soma dos topicos com peso semantico individual abaixo do limiar de materialidade de 3.0% adotado neste relatorio para evitar fragmentacao excessiva de temas acessorios.,Não
Nota,Cooperação Multilateral e Governança Global,1719,Nota à Imprensa nº 355,24/08/2023,"Declaração de Joanesburgo II - Sandton, Gauteng, África do Sul - 23 de agosto de 2023",Multilateralismo e Foruns Plurilaterais,34.0%,brics (176x); summit (14x); g20 (11x); deg (1x),"Peso semantico do topico 'Multilateralismo e Foruns Plurilaterais' na nota = 202 (soma ponderada de ocorrencias lexicais: titulo x3 + 1o paragrafo substantivo x2 + demais paragrafos x1). Peso total da nota, somando todos os topicos identificados, = 594. Percentual = (202 / 594) x 100 = 34.0%. Termos computados (radical, casamento por fronteira de palavra): brics (176x); summit (14x); g20 (11x); deg (1x).",Não
Nota,Cooperação Multilateral e Governança Global,1719,Nota à Imprensa nº 355,24/08/2023,"Declaração de Joanesburgo II - Sandton, Gauteng, África do Sul - 23 de agosto de 2023","Economia, Comercio Exterior e Agronegocio",13.3%,trade (33x); import (33x); agricultur (12x); export (1x),"Peso semantico do topico 'Economia, Comercio Exterior e Agronegocio' na nota = 79 (soma ponderada de ocorrencias lexicais: titulo x3 + 1o paragrafo substantivo x2 + demais paragrafos x1). Peso total da nota, somando todos os topicos identificados, = 594. Percentual = (79 / 594) x 100 = 13.3%. Termos computados (radical, casamento por fronteira de palavra): trade (33x); import (33x); agricultur (12x); export (1x).",Não
Nota,Cooperação Multilateral e Governança Global,1719,Nota à Imprensa nº 355,24/08/2023,"Declaração de Joanesburgo II - Sandton, Gauteng, África do Sul - 23 de agosto de 2023","Infraestrutura, Investimentos e Financas",12.6%,financial (23x); infrastructure (17x); investment (16x); finance (11x); ndb (8x),"Peso semantico do topico 'Infraestrutura, Investimentos e Financas' na nota = 75 (soma ponderada de ocorrencias lexicais: titulo x3 + 1o paragrafo substantivo x2 + demais paragrafos x1). Peso total da nota, somando todos os topicos identificados, = 594. Percentual = (75 / 594) x 100 = 12.6%. Termos computados (radical, casamento por fronteira de palavra): financial (23x); infrastructure (17x); investment (16x); finance (11x); ndb (8x).",Não
Nota,Cooperação Multilateral e Governança Global,1719,Nota à Imprensa nº 355,24/08/2023,"Declaração de Joanesburgo II - Sandton, Gauteng, África do Sul - 23 de agosto de 2023","Defesa, Seguranca Internacional e Geopolitica",9.9%,security (33x); peace (23x); geopolitica (2x); ukraine (1x),"Peso semantico do topico 'Defesa, Seguranca Internacional e Geopolitica' na nota = 59 (soma ponderada de ocorrencias lexicais: titulo x3 + 1o paragrafo substantivo x2 + demais paragrafos x1). Peso total da nota, somando todos os topicos identificados, = 594. Percentual = (59 / 594) x 100 = 9.9%. Termos computados (radical, casamento por fronteira de palavra): security (33x); peace (23x); geopolitica (2x); ukraine (1x).",Não
Nota,Cooperação Multilateral e Governança Global,1719,Nota à Imprensa nº 355,24/08/2023,"Declaração de Joanesburgo II - Sandton, Gauteng, África do Sul - 23 de agosto de 2023","Transicao Energetica, Meio Ambiente e Mudanca do Clima",8.4%,climate change (18x); environment (12x); biodiversity (9x); cop (5x); energy transition (3x); sustainability (2x); renewable energy (1x),"Peso semantico do topico 'Transicao Energetica, Meio Ambiente e Mudanca do Clima' na nota = 50 (soma ponderada de ocorrencias lexicais: titulo x3 + 1o paragrafo substantivo x2 + demais paragrafos x1). Peso total da nota, somando todos os topicos identificados, = 594. Percentual = (50 / 594) x 100 = 8.4%. Termos computados (radical, casamento por fronteira de palavra): climate change (18x); environment (12x); biodiversity (9x); cop (5x); energy transition (3x); sustainability (2x); renewable energy (1x).",Não
Nota,Cooperação Multilateral e Governança Global,1719,Nota à Imprensa nº 355,24/08/2023,"Declaração de Joanesburgo II - Sandton, Gauteng, África do Sul - 23 de agosto de 2023","Educacao, Cultura e Intercambio Humano",6.4%,education (17x); sport (7x); cultura (5x); university (5x); tourism (3x); student (1x),"Peso semantico do topico 'Educacao, Cultura e Intercambio Humano' na nota = 38 (soma ponderada de ocorrencias lexicais: titulo x3 + 1o paragrafo substantivo x2 + demais paragrafos x1). Peso total da nota, somando todos os topicos identificados, = 594. Percentual = (38 / 594) x 100 = 6.4%. Termos computados (radical, casamento por fronteira de palavra): education (17x); sport (7x); cultura (5x); university (5x); tourism (3x); student (1x).",Não
Nota,Cooperação Multilateral e Governança Global,1719,Nota à Imprensa nº 355,24/08/2023,"Declaração de Joanesburgo II - Sandton, Gauteng, África do Sul - 23 de agosto de 2023","Tecnologia, Inovacao e Espaco",5.2%,technology (16x); innovation (11x); satellite (2x); research and development (2x),"Peso semantico do topico 'Tecnologia, Inovacao e Espaco' na nota = 31 (soma ponderada de ocorrencias lexicais: titulo x3 + 1o paragrafo substantivo x2 + demais paragrafos x1). Peso total da nota, somando todos os topicos identificados, = 594. Percentual = (31 / 594) x 100 = 5.2%. Termos computados (radical, casamento por fronteira de palavra): technology (16x); innovation (11x); satellite (2x); research and development (2x).",Não
Nota,Cooperação Multilateral e Governança Global,1719,Nota à Imprensa nº 355,24/08/2023,"Declaração de Joanesburgo II - Sandton, Gauteng, África do Sul - 23 de agosto de 2023",Governanca Global e Reforma Institucional,5.2%,united nations (17x); multilateralism (6x); security council (5x); global governance (2x); international order (1x),"Peso semantico do topico 'Governanca Global e Reforma Institucional' na nota = 31 (soma ponderada de ocorrencias lexicais: titulo x3 + 1o paragrafo substantivo x2 + demais paragrafos x1). Peso total da nota, somando todos os topicos identificados, = 594. Percentual = (31 / 594) x 100 = 5.2%. Termos computados (radical, casamento por fronteira de palavra): united nations (17x); multilateralism (6x); security council (5x); global governance (2x); international order (1x).",Não
Nota,Cooperação Multilateral e Governança Global,1719,Nota à Imprensa nº 355,24/08/2023,"Declaração de Joanesburgo II - Sandton, Gauteng, África do Sul - 23 de agosto de 2023",Outros / Temas Residuais (abaixo do limiar de 3%),5.0%,Cooperacao Bilateral e Sul-Sul; Direitos Humanos e Direito Internacional Humanitario; Saude Publica e Cooperacao Sanitaria,Soma dos topicos com peso semantico individual abaixo do limiar de materialidade de 3.0% adotado neste relatorio para evitar fragmentacao excessiva de temas acessorios.,Não
Nota,Cooperação Multilateral e Governança Global,1818,226,02/06/2023,"Declaração Conjunta do Cabo da Boa Esperança – Ministros das Relações Exteriores e Relações Internacionais do BRICS – Cidade do Cabo, África do Sul, 1º de junho de 2023",Multilateralismo e Foruns Plurilaterais,25.3%,brics (35x); g20 (10x); cupula (4x); summit (4x); declaracao conjunta (2x); consenso (1x),"Peso semantico do topico 'Multilateralismo e Foruns Plurilaterais' na nota = 64 (soma ponderada de ocorrencias lexicais: titulo x3 + 1o paragrafo substantivo x2 + demais paragrafos x1). Peso total da nota, somando todos os topicos identificados, = 253. Percentual = (64 / 253) x 100 = 25.3%. Termos computados (radical, casamento por fronteira de palavra): brics (35x); g20 (10x); cupula (4x); summit (4x); declaracao conjunta (2x); consenso (1x).",Não
Nota,Cooperação Multilateral e Governança Global,1818,226,02/06/2023,"Declaração Conjunta do Cabo da Boa Esperança – Ministros das Relações Exteriores e Relações Internacionais do BRICS – Cidade do Cabo, África do Sul, 1º de junho de 2023","Defesa, Seguranca Internacional e Geopolitica",18.6%,terrorismo (13x); security (10x); peace (6x); paz (5x); conflito (4x); desarmamento (3x); solucao pacifica (1x); mediacao (1x),"Peso semantico do topico 'Defesa, Seguranca Internacional e Geopolitica' na nota = 47 (soma ponderada de ocorrencias lexicais: titulo x3 + 1o paragrafo substantivo x2 + demais paragrafos x1). Peso total da nota, somando todos os topicos identificados, = 253. Percentual = (47 / 253) x 100 = 18.6%. Termos computados (radical, casamento por fronteira de palavra): terrorismo (13x); security (10x); peace (6x); paz (5x); conflito (4x); desarmamento (3x); solucao pacifica (1x); mediacao (1x).",Não
Nota,Cooperação Multilateral e Governança Global,1818,226,02/06/2023,"Declaração Conjunta do Cabo da Boa Esperança – Ministros das Relações Exteriores e Relações Internacionais do BRICS – Cidade do Cabo, África do Sul, 1º de junho de 2023",Governanca Global e Reforma Institucional,12.6%,nacoes unidas (8x); united nations (8x); multilateralism (4x); conselho de seguranca (3x); security council (3x); governanca global (2x); multilateralismo (2x); global governance (2x),"Peso semantico do topico 'Governanca Global e Reforma Institucional' na nota = 32 (soma ponderada de ocorrencias lexicais: titulo x3 + 1o paragrafo substantivo x2 + demais paragrafos x1). Peso total da nota, somando todos os topicos identificados, = 253. Percentual = (32 / 253) x 100 = 12.6%. Termos computados (radical, casamento por fronteira de palavra): nacoes unidas (8x); united nations (8x); multilateralism (4x); conselho de seguranca (3x); security council (3x); governanca global (2x); multilateralismo (2x); global governance (2x).",Não
Nota,Cooperação Multilateral e Governança Global,1818,226,02/06/2023,"Declaração Conjunta do Cabo da Boa Esperança – Ministros das Relações Exteriores e Relações Internacionais do BRICS – Cidade do Cabo, África do Sul, 1º de junho de 2023","Infraestrutura, Investimentos e Financas",10.7%,finance (6x); ndb (6x); financial (5x); financiamento (4x); infraestrutura (2x); infrastructure (2x); moedas locais (1x),"Peso semantico do topico 'Infraestrutura, Investimentos e Financas' na nota = 27 (soma ponderada de ocorrencias lexicais: titulo x3 + 1o paragrafo substantivo x2 + demais paragrafos x1). Peso total da nota, somando todos os topicos identificados, = 253. Percentual = (27 / 253) x 100 = 10.7%. Termos computados (radical, casamento por fronteira de palavra): finance (6x); ndb (6x); financial (5x); financiamento (4x); infraestrutura (2x); infrastructure (2x); moedas locais (1x).",Não
Nota,Cooperação Multilateral e Governança Global,1818,226,02/06/2023,"Declaração Conjunta do Cabo da Boa Esperança – Ministros das Relações Exteriores e Relações Internacionais do BRICS – Cidade do Cabo, África do Sul, 1º de junho de 2023","Transicao Energetica, Meio Ambiente e Mudanca do Clima",9.5%,cop (6x); climate change (6x); climatic (4x); environment (3x); mudanca do clima (2x); sustentabilidade (1x); ambiental (1x); sustainability (1x),"Peso semantico do topico 'Transicao Energetica, Meio Ambiente e Mudanca do Clima' na nota = 24 (soma ponderada de ocorrencias lexicais: titulo x3 + 1o paragrafo substantivo x2 + demais paragrafos x1). Peso total da nota, somando todos os topicos identificados, = 253. Percentual = (24 / 253) x 100 = 9.5%. Termos computados (radical, casamento por fronteira de palavra): cop (6x); climate change (6x); climatic (4x); environment (3x); mudanca do clima (2x); sustentabilidade (1x); ambiental (1x); sustainability (1x).",Não
Nota,Cooperação Multilateral e Governança Global,1818,226,02/06/2023,"Declaração Conjunta do Cabo da Boa Esperança – Ministros das Relações Exteriores e Relações Internacionais do BRICS – Cidade do Cabo, África do Sul, 1º de junho de 2023","Economia, Comercio Exterior e Agronegocio",8.7%,import (17x); comercio (3x); trade (2x),"Peso semantico do topico 'Economia, Comercio Exterior e Agronegocio' na nota = 22 (soma ponderada de ocorrencias lexicais: titulo x3 + 1o paragrafo substantivo x2 + demais paragrafos x1). Peso total da nota, somando todos os topicos identificados, = 253. Percentual = (22 / 253) x 100 = 8.7%. Termos computados (radical, casamento por fronteira de palavra): import (17x); comercio (3x); trade (2x).",Não
Nota,Cooperação Multilateral e Governança Global,1818,226,02/06/2023,"Declaração Conjunta do Cabo da Boa Esperança – Ministros das Relações Exteriores e Relações Internacionais do BRICS – Cidade do Cabo, África do Sul, 1º de junho de 2023",Direitos Humanos e Direito Internacional Humanitario,6.3%,direitos humanos (7x); human rights (7x); assistencia humanitaria (1x); humanitarian (1x),"Peso semantico do topico 'Direitos Humanos e Direito Internacional Humanitario' na nota = 16 (soma ponderada de ocorrencias lexicais: titulo x3 + 1o paragrafo substantivo x2 + demais paragrafos x1). Peso total da nota, somando todos os topicos identificados, = 253. Percentual = (16 / 253) x 100 = 6.3%. Termos computados (radical, casamento por fronteira de palavra): direitos humanos (7x); human rights (7x); assistencia humanitaria (1x); humanitarian (1x).",Não
Nota,Cooperação Multilateral e Governança Global,1818,226,02/06/2023,"Declaração Conjunta do Cabo da Boa Esperança – Ministros das Relações Exteriores e Relações Internacionais do BRICS – Cidade do Cabo, África do Sul, 1º de junho de 2023","Tecnologia, Inovacao e Espaco",5.1%,tecnolog (5x); inovac (2x); technology (2x); innovation (2x); inteligencia artificial (1x); artificial intelligence (1x),"Peso semantico do topico 'Tecnologia, Inovacao e Espaco' na nota = 13 (soma ponderada de ocorrencias lexicais: titulo x3 + 1o paragrafo substantivo x2 + demais paragrafos x1). Peso total da nota, somando todos os topicos identificados, = 253. Percentual = (13 / 253) x 100 = 5.1%. Termos computados (radical, casamento por fronteira de palavra): tecnolog (5x); inovac (2x); technology (2x); innovation (2x); inteligencia artificial (1x); artificial intelligence (1x).",Não
Nota,Cooperação Multilateral e Governança Global,1818,226,02/06/2023,"Declaração Conjunta do Cabo da Boa Esperança – Ministros das Relações Exteriores e Relações Internacionais do BRICS – Cidade do Cabo, África do Sul, 1º de junho de 2023",Outros / Temas Residuais (abaixo do limiar de 3%),3.2%,"Cooperacao Bilateral e Sul-Sul; Diplomacia Institucional e Atos Bilaterais; Educacao, Cultura e Intercambio Humano; Saude Publica e Cooperacao Sanitaria",Soma dos topicos com peso semantico individual abaixo do limiar de materialidade de 3.0% adotado neste relatorio para evitar fragmentacao excessiva de temas acessorios.,Não
Consolidado Bloco,Cooperação Multilateral e Governança Global,,,,Consolidado Geral do Bloco: Cooperação Multilateral e Governança Global,Multilateralismo e Foruns Plurilaterais,31.4%,brics (1328x); g20 (81x); summit (53x); cupula (38x); consenso (33x); deg (13x); declaracao conjunta (8x); celac (4x),Consolidacao ponderada das 10 notas do bloco. Peso semantico acumulado do topico 'Multilateralismo e Foruns Plurilaterais' = 1593 (soma dos pesos ponderados titulo x3 / 1o paragrafo x2 / corpo x1 de cada nota). Peso total acumulado do bloco (todos os topicos) = 5081. Percentual consolidado = (1593 / 5081) x 100 = 31.4%. Termos mais recorrentes no bloco: brics (1328x); g20 (81x); summit (53x); cupula (38x); consenso (33x); deg (13x); declaracao conjunta (8x); celac (4x).,Não
Consolidado Bloco,Cooperação Multilateral e Governança Global,,,,Consolidado Geral do Bloco: Cooperação Multilateral e Governança Global,"Economia, Comercio Exterior e Agronegocio",11.9%,import (321x); trade (109x); comercio (76x); agricultur (60x); agricola (17x); export (7x); customs (7x); salvaguarda (4x); alfandegari (2x); mapa (1x),"Consolidacao ponderada das 10 notas do bloco. Peso semantico acumulado do topico 'Economia, Comercio Exterior e Agronegocio' = 606 (soma dos pesos ponderados titulo x3 / 1o paragrafo x2 / corpo x1 de cada nota). Peso total acumulado do bloco (todos os topicos) = 5081. Percentual consolidado = (606 / 5081) x 100 = 11.9%. Termos mais recorrentes no bloco: import (321x); trade (109x); comercio (76x); agricultur (60x); agricola (17x); export (7x); customs (7x); salvaguarda (4x); alfandegari (2x); mapa (1x).",Não
Consolidado Bloco,Cooperação Multilateral e Governança Global,,,,Consolidado Geral do Bloco: Cooperação Multilateral e Governança Global,"Defesa, Seguranca Internacional e Geopolitica",11.8%,security (186x); peace (138x); paz (79x); conflito (74x); terrorismo (53x); mediacao (11x); geopolitica (11x); oriente medio (10x); solucao pacifica (9x); desarmamento (9x),"Consolidacao ponderada das 10 notas do bloco. Peso semantico acumulado do topico 'Defesa, Seguranca Internacional e Geopolitica' = 601 (soma dos pesos ponderados titulo x3 / 1o paragrafo x2 / corpo x1 de cada nota). Peso total acumulado do bloco (todos os topicos) = 5081. Percentual consolidado = (601 / 5081) x 100 = 11.8%. Termos mais recorrentes no bloco: security (186x); peace (138x); paz (79x); conflito (74x); terrorismo (53x); mediacao (11x); geopolitica (11x); oriente medio (10x); solucao pacifica (9x); desarmamento (9x).",Não
Consolidado Bloco,Cooperação Multilateral e Governança Global,,,,Consolidado Geral do Bloco: Cooperação Multilateral e Governança Global,"Infraestrutura, Investimentos e Financas",9.6%,finance (113x); financial (87x); infrastructure (63x); financiamento (62x); ndb (51x); infraestrutura (46x); investment (45x); conectividade (11x); moedas locais (9x); ferrovia (1x),"Consolidacao ponderada das 10 notas do bloco. Peso semantico acumulado do topico 'Infraestrutura, Investimentos e Financas' = 490 (soma dos pesos ponderados titulo x3 / 1o paragrafo x2 / corpo x1 de cada nota). Peso total acumulado do bloco (todos os topicos) = 5081. Percentual consolidado = (490 / 5081) x 100 = 9.6%. Termos mais recorrentes no bloco: finance (113x); financial (87x); infrastructure (63x); financiamento (62x); ndb (51x); infraestrutura (46x); investment (45x); conectividade (11x); moedas locais (9x); ferrovia (1x).",Não
Consolidado Bloco,Cooperação Multilateral e Governança Global,,,,Consolidado Geral do Bloco: Cooperação Multilateral e Governança Global,"Transicao Energetica, Meio Ambiente e Mudanca do Clima",8.4%,environment (79x); climate change (69x); cop (66x); climatic (47x); mudanca do clima (35x); biodiversity (29x); ambiental (18x); sustainability (18x); sustentabilidade (17x); energy transition (17x),"Consolidacao ponderada das 10 notas do bloco. Peso semantico acumulado do topico 'Transicao Energetica, Meio Ambiente e Mudanca do Clima' = 429 (soma dos pesos ponderados titulo x3 / 1o paragrafo x2 / corpo x1 de cada nota). Peso total acumulado do bloco (todos os topicos) = 5081. Percentual consolidado = (429 / 5081) x 100 = 8.4%. Termos mais recorrentes no bloco: environment (79x); climate change (69x); cop (66x); climatic (47x); mudanca do clima (35x); biodiversity (29x); ambiental (18x); sustainability (18x); sustentabilidade (17x); energy transition (17x).",Não
Consolidado Bloco,Cooperação Multilateral e Governança Global,,,,Consolidado Geral do Bloco: Cooperação Multilateral e Governança Global,Governanca Global e Reforma Institucional,7.8%,united nations (102x); nacoes unidas (101x); multilateralism (41x); security council (37x); conselho de seguranca (28x); global governance (22x); governanca global (18x); multilateralismo (17x); international order (7x); arquitetura financeira (6x),Consolidacao ponderada das 10 notas do bloco. Peso semantico acumulado do topico 'Governanca Global e Reforma Institucional' = 397 (soma dos pesos ponderados titulo x3 / 1o paragrafo x2 / corpo x1 de cada nota). Peso total acumulado do bloco (todos os topicos) = 5081. Percentual consolidado = (397 / 5081) x 100 = 7.8%. Termos mais recorrentes no bloco: united nations (102x); nacoes unidas (101x); multilateralism (41x); security council (37x); conselho de seguranca (28x); global governance (22x); governanca global (18x); multilateralismo (17x); international order (7x); arquitetura financeira (6x).,Não
Consolidado Bloco,Cooperação Multilateral e Governança Global,,,,Consolidado Geral do Bloco: Cooperação Multilateral e Governança Global,"Tecnologia, Inovacao e Espaco",7.0%,tecnolog (89x); innovation (64x); technology (50x); inovac (48x); dados (33x); inteligencia artificial (19x); artificial intelligence (18x); satellite (7x); robotic (6x); research and development (6x),"Consolidacao ponderada das 10 notas do bloco. Peso semantico acumulado do topico 'Tecnologia, Inovacao e Espaco' = 356 (soma dos pesos ponderados titulo x3 / 1o paragrafo x2 / corpo x1 de cada nota). Peso total acumulado do bloco (todos os topicos) = 5081. Percentual consolidado = (356 / 5081) x 100 = 7.0%. Termos mais recorrentes no bloco: tecnolog (89x); innovation (64x); technology (50x); inovac (48x); dados (33x); inteligencia artificial (19x); artificial intelligence (18x); satellite (7x); robotic (6x); research and development (6x).",Não
Consolidado Bloco,Cooperação Multilateral e Governança Global,,,,Consolidado Geral do Bloco: Cooperação Multilateral e Governança Global,"Educacao, Cultura e Intercambio Humano",4.4%,cultura (71x); education (41x); sport (28x); educacao (24x); tourism (14x); turismo (12x); esporte (12x); university (7x); universidade (4x); intercambio cultural (3x),"Consolidacao ponderada das 10 notas do bloco. Peso semantico acumulado do topico 'Educacao, Cultura e Intercambio Humano' = 222 (soma dos pesos ponderados titulo x3 / 1o paragrafo x2 / corpo x1 de cada nota). Peso total acumulado do bloco (todos os topicos) = 5081. Percentual consolidado = (222 / 5081) x 100 = 4.4%. Termos mais recorrentes no bloco: cultura (71x); education (41x); sport (28x); educacao (24x); tourism (14x); turismo (12x); esporte (12x); university (7x); universidade (4x); intercambio cultural (3x).",Não
Consolidado Bloco,Cooperação Multilateral e Governança Global,,,,Consolidado Geral do Bloco: Cooperação Multilateral e Governança Global,Direitos Humanos e Direito Internacional Humanitario,3.7%,humanitarian (60x); human rights (52x); direitos humanos (33x); fome (24x); assistencia humanitaria (10x); direito internacional humanitario (9x); combate a pobreza (1x),Consolidacao ponderada das 10 notas do bloco. Peso semantico acumulado do topico 'Direitos Humanos e Direito Internacional Humanitario' = 189 (soma dos pesos ponderados titulo x3 / 1o paragrafo x2 / corpo x1 de cada nota). Peso total acumulado do bloco (todos os topicos) = 5081. Percentual consolidado = (189 / 5081) x 100 = 3.7%. Termos mais recorrentes no bloco: humanitarian (60x); human rights (52x); direitos humanos (33x); fome (24x); assistencia humanitaria (10x); direito internacional humanitario (9x); combate a pobreza (1x).,Não
Consolidado Bloco,Cooperação Multilateral e Governança Global,,,,Consolidado Geral do Bloco: Cooperação Multilateral e Governança Global,Saude Publica e Cooperacao Sanitaria,2.3%,saude (63x); pandemic (18x); saude publica (7x); public health (7x); vaccine (7x); vacina (5x); pandemia (5x); epidemia (2x); epidemic (2x); covid-19 (1x),Consolidacao ponderada das 10 notas do bloco. Peso semantico acumulado do topico 'Saude Publica e Cooperacao Sanitaria' = 117 (soma dos pesos ponderados titulo x3 / 1o paragrafo x2 / corpo x1 de cada nota). Peso total acumulado do bloco (todos os topicos) = 5081. Percentual consolidado = (117 / 5081) x 100 = 2.3%. Termos mais recorrentes no bloco: saude (63x); pandemic (18x); saude publica (7x); public health (7x); vaccine (7x); vacina (5x); pandemia (5x); epidemia (2x); epidemic (2x); covid-19 (1x).,Não
Consolidado Bloco,Cooperação Multilateral e Governança Global,,,,Consolidado Geral do Bloco: Cooperação Multilateral e Governança Global,"Outros / Temas Residuais (abaixo do limiar de 1,5%)",1.7%,Cooperacao Bilateral e Sul-Sul; Diplomacia Institucional e Atos Bilaterais,Soma dos topicos com peso semantico individual abaixo do limiar de materialidade de 1.5% adotado no nivel de bloco.,Não
